"","X1","X2","X3","X4","X5","X6","X7","X8","X9","X10","X11","X12","X13","X14","X15","X16","X17","X18","X19","X20","X21","X22","X23","X24","X25","X26","X27","X28","X29","X30","X31","X32","X33","X34","X35","X36","X37","X38","X39","X40","X41","X42","X43","X44","X45","X46","X47","X48","X49","X50","X51","X52","X53","X54","X55","X56","X57","X58","X59","X60","X61","X62","X63","X64","X65","X66","X67","X68","X69","X70","X71","X72","X73","X74","X75","X76"
"1",362,831,409,841,348,821,347,789,444,796,410,836,361,833,396,806,303,795,312,850,353,796,394,798,394,827,409,837,427,777,445,839,534,853,368,822,465,835,400,832,429,838,378,845,430,815,450,804,403,826,401,844,436,839,344,866,410,835,442,833,420,822,372,849,386,844,328,789,415,819,457,818,377,810,419,804
"2",345,834,391,840,332,817,332,786,428,800,394,836,344,834,380,807,286,797,294,851,338,794,378,792,379,825,392,840,412,778,429,837,517,855,351,824,448,838,383,831,412,840,362,848,415,820,435,807,387,827,386,852,419,841,328,868,394,836,426,836,404,820,356,852,369,841,312,786,399,826,441,820,362,808,404,801
"3",328,837,373,839,316,814,317,783,412,803,378,834,327,837,364,806,269,798,277,855,323,792,362,788,365,824,374,842,398,779,412,836,501,858,335,826,432,842,365,829,394,841,346,852,401,824,419,811,371,829,371,860,402,838,312,871,378,837,411,839,389,822,341,856,356,840,296,784,383,829,427,828,350,816,388,799
"4",311,839,354,840,299,814,302,780,399,812,362,830,310,840,348,806,252,799,260,859,309,789,346,786,350,823,357,846,383,779,396,839,485,862,318,827,416,849,348,826,377,842,330,864,386,827,404,814,356,831,357,868,385,834,296,872,362,837,395,844,373,819,325,860,340,843,281,781,366,831,412,828,337,817,373,796
"5",294,840,336,842,283,814,287,776,383,818,346,830,293,842,332,808,235,800,243,862,295,784,329,787,336,821,340,849,368,780,383,847,469,867,301,828,400,855,331,825,359,843,315,862,371,831,389,817,340,832,343,879,368,837,280,873,346,838,380,848,358,821,320,858,325,842,265,779,349,832,398,834,323,819,357,792
"6",277,841,318,843,267,808,272,773,368,823,330,831,275,842,316,811,218,800,226,866,281,779,312,788,321,821,323,854,354,782,365,847,453,872,284,829,384,860,315,828,342,846,300,871,355,833,374,820,324,833,328,885,351,836,264,875,330,840,365,851,343,826,304,853,311,840,249,776,332,834,384,841,308,822,342,789
"7",259,842,300,843,251,804,257,769,352,829,314,830,258,842,300,812,200,800,208,868,267,774,296,788,306,821,306,857,340,785,349,850,437,877,268,830,368,865,298,825,325,849,284,873,340,836,358,823,308,835,312,889,333,836,249,877,315,837,349,854,329,821,289,857,295,839,233,773,315,836,368,841,294,825,327,785
"8",242,841,281,843,235,801,242,764,337,835,298,830,241,841,284,814,183,801,191,870,253,769,279,788,292,821,288,858,325,788,332,852,421,882,251,829,352,871,282,823,307,851,268,877,325,840,343,825,293,838,295,893,316,837,233,876,300,841,333,857,314,824,273,856,280,845,217,771,298,838,353,848,282,833,312,782
"9",225,842,263,843,218,798,227,760,322,842,282,828,223,840,269,816,166,801,173,870,239,763,262,787,277,821,270,858,311,791,316,857,405,886,234,828,336,877,265,818,290,852,252,878,310,843,327,827,277,839,279,897,299,838,217,875,285,836,318,860,299,820,257,853,264,851,201,768,281,839,337,852,268,831,296,778
"10",208,839,245,843,202,794,213,755,307,849,266,826,206,840,253,818,149,799,156,869,226,756,245,786,262,821,253,858,297,794,300,855,388,891,217,827,319,882,248,817,273,851,236,881,295,845,312,826,261,840,263,900,281,840,201,873,269,837,302,861,283,819,243,845,248,855,186,765,264,840,321,853,253,830,281,774
"11",191,837,227,843,187,789,198,750,291,854,250,822,189,839,237,820,132,797,138,867,212,750,229,784,248,822,235,858,283,799,284,857,372,895,201,825,303,887,231,816,255,851,220,881,280,847,296,825,245,841,246,903,264,842,185,871,254,831,286,860,267,816,227,843,232,860,170,762,247,839,304,855,239,832,266,771
"12",174,834,208,843,171,783,183,746,276,859,235,818,171,840,221,822,115,795,121,864,198,745,212,783,233,823,218,855,268,799,267,858,356,898,184,823,286,890,213,813,238,850,204,881,264,848,281,824,230,841,229,906,247,841,169,870,238,830,270,859,252,817,213,836,215,857,154,758,230,839,288,856,224,833,250,769
"13",157,830,190,842,156,776,168,741,260,864,221,810,154,840,205,823,98,794,103,862,184,740,196,780,218,823,201,852,253,799,251,856,339,901,168,820,269,892,196,810,220,849,188,876,249,848,265,822,214,840,213,908,229,840,153,868,222,827,254,858,237,812,201,826,199,858,139,755,213,838,272,858,209,832,235,766
"14",141,824,172,840,141,770,154,737,244,868,206,805,137,838,189,824,82,789,88,853,170,735,180,776,204,822,183,849,239,801,235,853,322,903,152,814,252,894,179,806,203,847,171,874,234,846,250,820,198,840,196,909,212,840,139,862,207,822,238,855,222,807,186,819,182,860,123,752,196,836,255,857,195,831,220,763
"15",125,817,154,839,126,762,139,732,228,871,190,799,120,835,173,824,66,782,74,843,156,730,163,771,189,820,166,844,224,801,219,850,306,902,136,808,235,896,162,802,186,844,156,869,219,842,234,817,182,838,179,910,195,841,127,851,192,816,223,852,207,806,171,813,169,865,107,749,179,832,239,855,181,827,204,761
"16",111,808,136,836,112,753,124,729,212,871,175,794,104,829,157,821,51,775,61,831,142,724,148,766,175,819,149,839,210,800,202,847,290,898,123,797,218,897,146,799,169,840,141,862,204,838,219,815,167,835,162,908,177,839,120,837,178,809,208,846,193,799,162,800,153,862,91,746,162,828,223,853,168,819,189,758
"17",96,800,118,833,99,744,109,725,195,872,160,788,92,818,142,815,41,761,50,817,128,719,132,760,160,815,133,834,196,798,186,844,274,891,111,785,201,895,129,793,152,835,126,856,190,833,204,812,152,829,146,905,160,838,116,821,164,801,195,837,179,794,150,790,136,866,76,741,146,824,206,851,158,809,173,755
"18",82,790,100,830,87,733,94,722,179,873,146,781,85,802,128,808,31,747,46,800,114,713,117,753,146,813,116,828,181,793,171,840,261,882,101,772,185,892,113,787,138,826,112,848,176,825,188,811,139,820,129,902,143,836,114,805,150,793,185,825,166,785,136,782,120,865,62,734,130,818,190,848,152,795,158,752
"19",71,777,82,827,74,721,79,718,163,870,133,772,82,785,116,797,23,732,43,783,101,707,103,744,132,811,100,820,170,785,158,830,249,870,93,758,168,888,97,780,125,814,97,841,165,815,173,810,128,809,113,898,126,834,112,790,135,786,177,811,154,774,128,769,104,860,47,728,114,811,174,847,148,782,143,749
"20",62,762,64,823,65,707,64,713,150,860,119,763,81,768,107,784,20,715,41,765,87,702,89,735,118,806,85,812,160,774,144,821,238,857,86,742,152,881,84,769,113,801,83,834,155,804,157,808,120,795,99,889,109,830,109,774,121,779,169,797,146,761,122,754,88,855,32,722,99,803,158,844,144,767,127,746
"21",55,746,47,817,59,692,54,703,142,846,108,752,80,750,99,770,19,698,39,748,76,692,76,724,104,800,71,801,153,761,132,809,228,844,83,726,139,872,73,756,103,787,71,823,146,791,142,807,115,780,85,879,93,824,109,758,107,771,165,782,140,746,116,739,77,842,17,715,84,796,142,840,141,753,112,742
"22",49,730,32,807,56,676,51,688,136,830,99,739,79,733,94,755,20,681,38,730,67,681,65,712,93,791,57,791,150,747,124,796,222,828,81,709,127,859,63,741,97,771,64,808,138,778,126,805,111,765,75,866,79,814,108,742,93,764,162,766,137,731,111,724,68,829,4,706,68,788,127,833,140,738,97,738
"23",44,714,21,793,57,659,55,673,132,814,92,724,79,716,89,739,21,664,37,713,64,666,56,698,84,780,45,778,147,733,118,780,213,814,79,692,116,846,57,725,92,754,62,792,131,764,115,794,108,749,65,853,71,799,108,726,78,758,159,750,136,715,105,709,61,813,0,692,55,777,114,824,139,723,82,734
"24",42,697,15,775,57,643,61,659,127,798,93,709,78,699,89,723,24,647,37,695,68,652,51,682,78,766,36,763,146,718,114,765,204,800,78,676,106,832,55,708,89,737,61,776,126,750,110,780,105,733,57,838,68,782,109,710,65,749,157,734,131,700,101,693,54,798,4,677,45,764,101,813,139,709,68,727
"25",41,679,12,757,59,626,69,646,125,782,97,693,77,681,90,707,28,630,37,677,72,637,49,665,76,752,32,746,144,703,110,749,198,784,77,659,99,817,55,690,88,720,59,759,121,735,110,764,104,718,49,823,65,764,110,694,63,734,155,719,135,684,97,677,47,782,11,662,39,748,88,803,139,694,57,717
"26",40,662,11,739,62,610,76,632,120,766,100,677,77,664,90,691,32,614,38,660,78,624,50,649,75,737,29,729,142,689,105,733,193,768,76,642,92,801,56,673,86,702,58,743,117,720,112,749,103,702,43,807,62,747,111,678,68,719,155,703,137,668,94,661,49,767,16,647,36,731,74,794,139,679,51,702
"27",40,645,10,721,64,594,83,618,118,750,104,662,77,647,90,675,36,597,39,642,86,611,53,632,78,723,27,711,141,674,102,717,189,752,78,626,87,785,58,656,86,685,57,727,115,705,113,733,102,686,38,791,60,730,111,662,73,704,155,687,141,653,92,646,48,750,22,633,34,714,64,781,139,665,51,687
"28",40,628,12,703,68,578,90,604,116,734,107,646,78,629,93,660,42,581,42,625,93,598,57,616,81,709,28,693,141,660,99,701,186,736,81,609,83,768,60,639,86,667,56,710,111,690,111,718,102,670,33,775,60,713,112,646,77,688,154,671,139,637,90,630,44,733,28,618,35,697,58,766,140,650,53,671
"29",42,611,12,684,74,562,98,591,114,717,109,630,78,612,94,644,48,565,45,608,101,585,62,600,85,695,30,676,142,645,97,684,183,719,83,592,80,751,65,622,87,650,56,694,110,675,111,702,104,654,28,759,61,695,116,630,80,673,155,655,146,623,90,613,42,717,34,603,36,680,52,750,142,635,57,656
"30",44,594,16,667,79,546,106,578,113,701,111,614,80,595,97,628,54,549,49,590,109,573,67,584,91,681,33,659,143,630,96,668,180,703,85,576,78,734,69,605,88,632,56,678,109,659,111,686,106,639,24,743,62,678,120,615,82,657,157,639,149,608,90,597,40,700,40,588,38,663,49,735,143,621,61,641
"31",48,577,19,649,84,530,115,566,113,684,116,599,83,578,101,612,60,533,52,573,117,560,73,569,97,668,36,641,144,616,98,652,178,686,87,559,76,717,73,588,91,615,56,661,108,644,111,671,108,623,22,726,63,661,123,599,84,641,161,623,153,593,92,581,39,683,47,573,40,646,50,718,145,606,67,626
"32",53,561,21,631,89,515,124,553,114,668,121,583,87,561,105,597,67,517,56,556,126,548,79,553,102,654,40,624,147,601,98,635,176,669,90,543,74,701,78,572,94,598,57,645,109,629,112,655,110,607,20,709,64,643,127,583,87,625,164,608,155,577,94,565,38,666,54,559,43,630,52,702,147,592,72,612
"33",59,544,24,613,95,500,132,540,115,652,126,568,90,544,109,582,75,502,61,539,134,535,87,538,106,640,44,607,149,587,99,619,175,653,94,526,72,684,83,555,98,581,58,629,110,613,114,640,113,592,18,692,66,626,131,568,90,609,167,592,164,565,96,549,38,649,61,545,46,613,55,686,151,577,78,597
"34",64,528,28,595,100,484,141,527,115,635,133,553,94,527,115,567,83,487,67,522,142,523,95,524,112,627,49,590,151,572,102,603,176,636,99,510,73,667,89,539,102,564,61,612,111,598,117,625,117,576,16,676,69,609,136,553,94,594,171,577,168,552,97,533,39,633,69,531,50,596,58,670,154,563,84,583
"35",69,511,32,577,107,469,150,515,118,619,139,539,97,510,121,552,91,472,73,506,150,510,102,509,118,613,55,574,153,558,104,587,178,619,106,495,74,650,95,522,107,547,64,596,114,583,121,610,121,561,15,659,72,592,142,538,99,579,175,561,168,537,98,517,41,616,77,517,55,580,61,653,158,549,90,568
"36",75,495,36,559,114,454,159,502,121,603,147,525,103,494,127,537,99,457,80,490,158,498,109,493,125,600,62,558,157,544,107,570,181,603,113,480,75,633,101,506,112,531,67,580,117,568,125,594,128,547,15,642,76,575,147,523,104,563,180,546,177,524,103,502,43,599,85,503,61,564,64,637,162,535,97,554
"37",82,480,40,541,121,439,168,490,125,587,155,511,108,477,133,522,108,442,87,473,167,486,117,479,131,587,68,541,161,530,109,554,183,586,120,464,78,616,107,490,118,514,70,564,122,553,130,579,136,533,15,625,80,558,154,508,109,548,181,531,181,509,108,487,45,582,93,489,66,548,68,621,167,521,105,541
"38",90,464,44,524,130,424,177,478,129,571,164,497,115,461,138,507,116,427,96,458,175,473,126,465,138,574,75,525,165,516,113,538,187,570,127,449,80,599,114,474,124,498,75,549,126,538,135,565,143,519,16,608,84,541,161,494,116,534,190,518,190,497,114,472,48,566,100,475,72,532,73,606,172,507,113,527
"39",97,449,49,506,138,410,186,465,133,555,171,483,121,445,145,492,126,413,104,443,184,461,135,451,145,561,83,509,170,502,118,523,192,554,136,435,83,582,121,458,131,482,80,533,131,524,141,551,151,505,18,592,89,525,168,479,122,519,193,504,194,481,120,457,52,549,109,461,79,516,77,590,177,493,122,514
"40",105,433,56,489,147,396,195,452,137,539,179,469,128,429,154,479,135,399,113,427,194,450,143,436,152,548,91,494,174,487,123,507,197,538,144,420,87,565,128,442,137,465,84,517,136,509,149,537,158,491,21,575,94,508,175,465,130,505,198,491,202,469,127,442,55,533,117,447,85,500,80,574,183,480,131,501
"41",113,418,63,472,156,382,205,441,143,524,187,455,135,413,162,465,145,385,121,412,203,438,152,422,158,535,99,478,179,474,127,491,203,522,152,406,91,549,137,427,143,449,88,501,141,495,156,523,166,477,23,558,100,492,183,451,138,491,203,477,212,459,134,428,60,516,127,434,93,485,88,559,188,466,140,489
"42",121,403,71,456,165,368,215,429,150,509,195,441,142,398,169,451,156,371,130,396,213,427,162,409,166,522,107,462,184,460,131,475,209,507,161,391,96,532,146,413,149,433,96,487,147,480,163,509,173,463,27,542,106,475,192,438,146,477,211,464,216,444,141,413,65,500,138,423,100,469,92,544,193,452,150,477
"43",131,389,79,440,174,354,226,418,158,494,205,428,149,382,177,437,168,359,140,382,222,416,172,395,173,510,115,447,190,446,136,459,215,491,171,378,100,516,156,399,158,417,104,473,153,466,172,496,183,451,31,526,112,459,201,425,154,464,215,448,226,432,148,399,66,484,150,412,108,454,97,528,200,439,161,465
"44",141,375,88,424,184,341,237,407,166,480,215,415,157,366,186,424,180,346,149,367,233,405,184,383,181,497,125,432,196,433,143,445,223,476,181,365,105,500,164,383,166,402,112,458,160,453,182,484,193,438,35,509,120,444,211,412,163,450,225,438,235,419,157,385,76,472,161,401,117,440,104,513,207,426,171,454
"45",151,361,97,408,194,328,249,397,173,465,225,403,164,350,195,410,192,335,160,353,244,395,195,371,189,485,134,417,202,420,151,430,231,462,192,352,112,484,173,368,175,387,120,444,167,439,191,472,204,427,40,493,128,428,220,399,173,438,232,423,243,406,165,372,82,456,173,391,127,426,111,498,214,413,182,443
"46",161,347,107,392,204,315,260,387,181,451,235,390,172,335,204,397,204,323,171,339,255,385,207,359,198,473,145,403,208,406,157,415,238,447,203,339,119,468,183,354,184,372,128,430,173,425,201,460,215,416,45,477,137,413,230,386,183,425,239,409,253,395,174,358,87,440,185,380,137,412,119,484,221,400,193,432
"47",173,334,118,378,215,303,272,377,188,436,244,377,181,320,214,384,217,312,183,326,267,375,219,347,207,462,157,390,215,393,164,400,246,432,215,327,127,453,193,340,194,358,135,415,180,411,212,448,227,405,51,461,145,398,242,376,193,413,248,396,256,380,183,345,93,424,198,370,146,397,127,470,230,388,205,421
"48",185,322,129,364,225,290,284,367,199,424,255,365,190,305,222,371,231,301,194,313,279,367,231,336,216,450,166,376,222,380,171,386,255,418,227,316,134,438,203,326,204,343,144,401,188,398,223,437,239,395,58,446,154,383,253,364,204,401,257,382,270,372,192,332,103,411,210,360,155,383,135,455,238,376,217,411
"49",197,309,141,349,236,277,297,359,206,410,265,352,199,291,231,357,245,291,205,299,291,359,243,324,225,439,177,362,229,368,179,372,265,404,239,304,143,423,213,311,215,330,153,388,196,385,234,426,252,386,65,431,164,369,264,352,212,387,265,369,279,360,201,318,113,397,223,350,166,370,144,442,245,363,229,400
"50",210,298,152,335,248,265,310,350,215,398,275,340,208,276,241,345,259,282,217,286,304,351,256,314,234,427,189,349,237,356,190,362,274,390,252,293,152,408,222,297,226,317,163,375,204,372,246,416,265,377,73,416,174,355,277,344,225,377,270,355,286,346,211,305,122,383,236,340,176,356,153,428,253,351,240,390
"51",223,287,164,321,260,254,323,341,227,386,286,328,218,262,250,332,274,273,227,272,317,343,270,304,244,417,201,337,245,343,197,347,284,377,264,282,161,394,234,284,238,303,173,362,214,360,257,406,278,369,83,402,184,341,291,336,237,367,279,342,295,334,221,293,131,369,249,331,188,343,163,415,261,338,252,380
"52",236,276,177,308,272,243,336,334,239,374,297,316,228,248,260,319,289,266,241,262,330,337,283,295,255,407,210,322,254,331,207,334,294,363,277,271,172,381,247,273,249,290,184,349,223,348,269,396,292,361,92,388,195,327,303,326,249,357,290,330,308,326,231,281,141,355,263,323,199,331,173,401,269,326,264,370
"53",249,265,191,296,284,232,349,326,247,361,309,305,240,235,271,307,305,259,254,250,344,331,297,285,265,396,223,309,262,319,218,322,305,350,289,259,183,368,260,261,260,277,195,337,232,335,281,386,307,355,101,374,206,314,317,317,261,346,301,318,319,316,243,269,151,341,277,315,211,318,184,389,279,315,277,361
"54",263,254,205,285,297,221,362,318,257,349,321,294,251,222,281,295,321,253,269,241,357,325,311,276,275,386,236,297,271,308,229,310,315,337,303,250,194,355,273,250,273,265,206,325,242,324,294,377,321,347,111,360,217,300,331,309,273,335,310,306,327,303,254,258,161,328,291,308,223,307,194,376,288,304,290,352
"55",277,245,220,274,311,213,377,313,267,337,333,284,262,208,291,283,337,248,280,227,372,321,326,269,285,375,250,286,280,296,238,296,327,325,317,241,206,343,287,239,286,253,217,313,248,310,307,369,331,336,121,346,228,288,346,304,286,325,320,293,341,295,265,246,171,314,306,302,235,295,204,363,298,293,303,344
"56",292,237,235,264,325,204,390,305,282,329,345,273,273,195,301,270,354,245,296,223,387,319,342,262,298,367,263,275,290,285,250,284,339,313,332,232,218,331,301,229,299,242,229,302,259,299,321,360,340,323,133,335,241,275,361,300,299,316,329,280,354,286,278,236,182,301,321,296,249,284,216,352,309,283,317,335
"57",308,229,250,254,339,195,404,299,295,319,358,264,284,182,311,258,371,246,310,214,402,317,357,256,309,358,276,263,300,274,261,273,350,301,346,223,230,319,316,220,313,231,241,290,270,289,334,353,348,309,145,323,253,263,376,294,312,307,338,267,364,274,286,223,192,287,335,288,262,274,227,341,319,272,330,328
"58",323,221,266,244,354,188,418,295,310,316,371,255,297,170,323,246,388,248,323,202,416,317,373,250,322,350,289,252,309,263,272,261,361,288,361,216,242,306,330,211,327,221,253,280,280,277,348,345,358,297,158,312,266,252,391,288,326,299,351,257,375,264,296,212,201,273,346,277,276,264,239,329,330,263,344,321
"59",338,213,281,235,369,181,433,293,324,307,385,247,311,160,335,236,405,247,338,196,431,319,389,246,335,346,305,246,319,252,284,249,372,275,377,210,254,294,346,204,342,211,265,269,290,266,362,339,372,291,171,302,279,240,407,287,339,290,363,247,388,255,311,207,214,262,358,266,290,254,253,320,341,253,358,314
"60",354,207,298,227,385,176,448,297,340,305,400,241,326,153,348,227,418,237,356,193,445,323,405,243,349,342,317,233,329,242,297,239,385,265,392,204,267,283,363,200,357,203,279,260,301,255,376,333,379,276,185,292,292,229,423,287,351,280,375,236,399,244,323,196,226,251,369,255,304,245,266,310,353,244,373,308
"61",371,201,314,219,401,173,463,294,357,304,415,236,343,152,361,218,432,229,371,185,459,330,422,241,363,339,330,222,340,231,309,228,398,255,408,198,280,273,380,197,373,195,292,250,312,244,391,328,391,267,199,283,306,218,438,292,365,274,387,226,411,233,338,192,239,240,381,244,319,237,280,301,362,232,386,299
"62",387,197,331,212,417,172,477,299,373,303,431,233,360,149,375,211,445,220,388,179,473,334,437,236,377,341,346,215,351,222,322,219,412,245,424,192,294,262,397,195,389,189,304,239,323,234,406,323,406,262,214,275,320,208,453,296,380,269,400,216,422,223,350,182,251,228,393,233,334,228,294,292,373,224,397,288
"63",404,198,348,205,434,171,488,295,387,303,447,231,377,152,389,202,458,210,405,180,487,336,453,230,391,335,363,209,362,213,337,212,425,235,439,185,308,253,413,188,405,183,319,232,335,224,421,319,421,257,229,267,335,199,469,301,394,261,413,208,437,220,364,174,263,217,407,225,350,223,308,284,387,219,408,277
"64",421,200,364,197,451,172,496,282,402,309,463,230,394,158,402,193,474,204,423,178,502,338,469,232,404,329,377,199,372,203,352,206,439,226,454,179,322,243,430,191,422,177,334,226,348,216,437,316,433,247,244,261,349,189,483,308,408,262,427,200,448,209,379,169,276,206,421,217,367,217,323,277,397,209,420,268
"65",438,204,381,191,466,176,507,272,415,318,479,231,410,165,415,184,490,200,440,182,517,338,478,220,416,321,392,199,385,196,367,199,453,217,471,179,336,233,447,194,439,176,349,220,362,209,452,314,447,239,260,254,364,180,496,313,422,258,441,193,463,203,393,161,288,196,435,211,383,213,338,270,411,206,433,259
"66",455,209,399,186,482,182,521,265,430,326,495,235,424,174,430,177,507,196,457,187,532,336,491,209,427,311,408,191,398,190,383,195,468,209,488,179,350,224,464,196,457,177,365,214,376,205,468,312,462,234,276,249,378,170,509,305,435,263,456,188,478,198,408,156,304,190,450,204,400,212,353,264,425,202,446,250
"67",470,216,416,179,497,189,534,257,440,338,510,239,439,182,445,174,523,191,473,194,547,335,506,204,441,305,425,191,408,180,399,191,483,201,505,178,365,216,481,198,474,179,380,210,391,201,480,304,477,230,292,244,393,161,522,295,450,263,472,184,494,196,423,151,320,184,465,198,417,211,368,258,439,203,459,241
"68",485,225,433,173,512,196,548,250,450,350,524,247,448,195,461,171,540,187,489,202,562,335,516,192,455,303,441,195,423,180,415,187,498,195,520,174,381,208,495,209,491,183,396,207,405,195,493,300,492,228,308,239,408,153,537,288,464,269,488,183,506,188,439,150,332,174,480,192,434,213,384,252,453,207,472,233
"69",501,220,450,170,519,210,561,242,459,342,536,258,463,202,477,170,556,181,503,211,576,333,533,190,467,295,457,198,436,174,431,185,514,189,536,172,396,201,505,222,507,189,413,207,420,191,504,293,505,218,324,235,424,145,549,278,476,269,504,183,520,195,455,151,349,172,495,187,450,217,399,247,467,210,486,225
"70",516,211,469,168,530,221,574,235,465,328,545,271,473,216,493,169,573,176,510,227,589,325,548,184,482,292,471,208,450,172,448,185,530,185,553,175,412,194,521,225,523,198,429,208,435,192,512,280,520,214,341,236,440,138,564,276,487,262,519,187,536,192,471,150,364,164,511,184,466,225,415,244,482,213,499,217
"71",532,206,486,164,546,222,589,230,480,322,554,284,483,230,509,169,589,172,520,238,602,318,563,179,496,289,487,214,464,174,464,185,547,182,569,178,428,189,538,226,537,207,445,206,449,193,526,273,536,211,358,237,457,135,578,269,499,255,534,191,551,192,487,149,380,160,526,181,478,231,431,241,496,215,514,211
"72",545,195,504,160,559,212,604,226,493,312,566,279,496,241,525,171,606,171,538,234,615,310,579,181,509,283,499,227,479,176,480,186,563,183,585,183,444,184,555,220,551,218,458,211,464,193,538,264,551,208,375,238,474,135,593,265,509,243,548,199,565,200,503,150,397,158,542,180,489,219,448,240,507,224,529,206
"73",561,188,522,160,576,210,619,225,503,299,582,276,510,252,540,175,623,174,554,238,628,303,592,171,523,281,511,240,493,180,496,189,580,185,601,190,461,181,571,213,567,219,471,217,479,194,554,268,567,210,392,239,492,136,607,258,523,237,562,208,577,210,519,152,413,158,558,178,503,209,464,239,522,225,544,203
"74",576,181,540,161,592,210,635,224,518,294,594,273,520,266,556,180,639,178,571,240,641,296,609,173,538,281,522,253,507,184,510,195,596,189,614,200,478,178,584,202,580,208,485,222,493,199,564,257,583,212,407,233,508,142,621,255,537,233,571,221,588,221,535,155,430,161,574,176,518,200,481,241,531,236,559,200
"75",593,185,558,163,609,208,650,223,528,282,606,271,536,267,570,187,655,185,587,234,654,289,626,172,551,277,526,270,521,189,523,204,611,195,624,213,495,177,600,196,596,207,498,227,507,204,579,252,599,211,422,225,523,150,635,257,549,224,579,234,600,232,550,160,447,164,590,175,533,191,497,243,544,244,575,198
"76",609,180,575,165,625,205,665,225,543,275,619,266,552,262,584,196,669,195,605,230,668,282,642,170,566,275,533,284,534,195,536,214,625,206,634,220,512,176,617,192,613,207,501,241,521,211,593,247,614,215,438,220,536,160,649,249,565,224,587,248,609,244,565,167,463,167,606,177,548,185,511,251,557,249,590,196
"77",627,179,593,168,641,203,681,226,559,269,633,259,569,257,598,204,684,193,619,240,681,276,658,172,581,277,549,277,545,205,552,214,636,218,651,218,528,179,634,190,630,202,515,248,533,221,608,242,629,220,454,214,548,173,664,250,581,223,595,261,613,259,580,173,479,173,622,179,564,179,526,257,562,262,606,200
"78",643,184,609,176,658,204,695,230,574,263,649,258,585,250,613,208,696,204,635,236,695,271,674,175,595,276,566,277,555,215,568,215,646,231,666,222,545,184,651,185,646,196,529,255,546,228,624,243,643,226,470,208,560,185,680,254,597,222,600,276,615,273,595,178,494,181,638,181,581,174,540,250,576,268,621,203
"79",660,180,627,178,674,209,710,236,587,255,665,256,600,257,629,209,710,215,652,237,710,267,690,171,610,274,583,272,569,218,584,218,655,245,682,225,561,190,667,179,663,192,542,245,558,237,639,245,658,233,486,207,577,187,696,254,612,218,608,290,628,280,611,182,508,191,654,183,598,172,555,245,589,273,636,207
"80",676,184,644,174,690,211,724,242,601,246,681,256,617,254,645,207,724,224,669,242,724,264,706,177,624,276,599,264,579,228,600,220,661,260,697,230,576,198,684,177,680,189,558,243,567,250,652,237,669,244,502,207,594,190,711,256,627,222,618,303,635,284,627,182,519,202,669,189,614,170,571,243,604,273,651,211
"81",693,188,662,170,707,212,736,251,616,240,697,258,634,256,661,208,739,215,686,244,739,263,722,182,639,277,617,264,592,235,617,219,667,275,711,239,589,209,702,176,697,185,574,237,573,263,668,236,683,247,518,201,611,194,727,259,641,227,627,316,645,272,642,183,531,214,684,195,632,169,587,240,618,273,666,216
"82",710,190,680,168,722,217,749,261,632,237,713,259,652,256,677,204,756,213,703,249,754,263,735,190,653,278,634,264,606,237,633,222,683,270,727,245,601,220,719,177,715,185,589,231,585,272,682,239,698,244,535,200,628,198,741,266,656,222,634,330,658,269,658,186,540,229,698,202,649,168,604,241,631,279,680,222
"83",725,198,697,162,737,224,760,271,648,235,729,258,669,256,693,204,771,218,719,256,769,265,743,205,668,280,652,265,621,237,649,226,699,266,743,249,613,233,736,180,732,184,604,228,597,280,696,243,714,245,552,198,645,198,756,273,669,231,644,342,671,273,673,191,553,229,711,211,665,168,619,235,645,285,694,230
"84",741,205,715,164,752,230,770,283,665,234,745,260,686,259,708,207,787,223,735,263,783,268,758,208,681,286,668,272,635,241,665,230,714,259,759,255,621,248,753,183,750,184,620,230,607,292,711,243,730,243,568,200,662,197,770,280,684,234,658,342,684,263,688,197,568,222,722,222,682,173,635,236,659,289,707,238
"85",757,210,733,163,769,234,781,292,681,233,758,268,703,264,724,209,805,224,751,267,798,270,774,206,694,292,685,272,648,248,681,234,730,256,775,260,631,262,770,186,767,185,637,232,610,306,726,248,745,245,585,203,680,198,784,288,699,238,670,343,698,265,704,198,584,222,733,234,698,179,651,232,671,297,721,246
"86",772,220,749,171,785,232,796,294,697,237,773,273,719,268,740,208,821,228,767,260,813,273,789,212,709,293,701,279,661,254,696,238,747,257,789,270,642,275,787,189,785,186,653,234,616,313,740,255,761,246,601,206,697,200,795,300,711,247,683,351,712,263,720,199,600,222,745,245,712,187,668,232,686,295,734,254
"87",788,225,767,174,802,232,812,296,713,235,786,282,736,274,755,212,837,234,783,264,827,279,802,223,723,293,717,287,675,259,711,246,763,258,803,278,653,288,804,194,802,187,669,234,629,305,754,262,776,242,618,210,714,202,809,307,724,257,697,345,727,262,733,209,617,220,759,252,726,196,684,233,697,304,748,259
"88",805,228,785,177,818,236,826,299,729,240,799,291,752,280,771,217,853,240,800,260,841,284,812,237,738,291,733,285,689,262,726,252,780,259,818,276,664,298,820,200,819,190,685,237,642,297,767,270,792,243,634,213,731,206,825,310,739,261,711,338,742,268,745,219,634,220,775,253,742,200,700,237,710,310,764,259
"89",822,230,801,186,833,241,841,304,745,243,813,297,766,289,786,221,869,248,817,263,855,289,822,250,752,292,749,278,703,266,741,258,796,261,833,268,680,292,835,209,836,193,700,244,657,301,779,280,806,249,649,221,748,210,840,314,750,271,719,349,757,268,760,224,651,220,791,254,750,215,717,236,724,312,780,258
"90",838,235,819,190,846,252,856,309,759,250,829,297,780,300,801,226,884,255,835,266,869,294,832,263,766,296,765,273,716,272,752,270,813,263,849,272,693,282,849,218,853,199,715,249,672,304,792,289,821,256,664,230,762,220,856,317,760,282,730,352,772,267,776,229,667,224,806,257,767,216,733,239,735,322,795,259
"91",854,242,836,197,860,261,870,314,775,254,844,294,795,308,816,232,899,263,851,271,881,302,844,274,781,299,783,269,730,278,767,274,830,265,865,276,707,274,864,228,869,205,731,251,687,306,805,296,834,263,677,240,776,231,869,325,775,285,740,364,787,271,790,235,683,229,821,263,784,216,748,243,748,328,811,259
"92",870,247,852,207,875,268,885,319,791,259,860,298,812,311,830,239,914,271,868,278,894,310,860,278,794,303,800,267,743,285,781,269,846,268,880,282,723,278,880,234,885,213,745,259,703,308,821,297,848,271,691,250,793,234,881,336,784,294,756,365,803,276,802,244,700,234,837,268,801,214,765,243,762,334,827,260
"93",886,254,865,219,890,274,899,326,805,267,873,306,829,312,843,249,926,283,883,287,907,318,877,281,808,309,818,267,756,292,795,277,861,275,896,290,740,282,897,234,900,221,759,267,717,313,837,297,862,279,705,257,810,238,896,341,800,297,766,374,817,281,811,256,716,239,852,273,817,217,779,251,774,343,842,263
"94",901,263,877,232,905,282,912,333,816,276,888,307,846,314,855,260,931,298,898,295,919,326,893,285,821,315,835,265,768,299,810,271,873,286,911,297,757,283,913,240,915,231,772,277,732,317,852,301,876,286,722,262,826,243,910,348,815,303,771,389,829,292,826,261,732,244,866,280,834,222,793,259,784,353,857,267
"95",916,272,892,243,919,290,926,341,832,273,903,315,863,319,867,270,948,299,914,301,931,335,909,290,834,322,852,267,780,308,825,276,886,297,925,305,774,285,929,247,929,241,784,288,746,323,867,305,889,295,738,265,843,248,924,357,830,307,785,388,841,301,841,268,748,249,880,288,850,229,806,269,793,365,872,271
"96",931,280,907,254,933,299,938,349,847,277,917,322,880,323,881,278,962,307,930,309,942,345,924,298,846,330,870,269,791,318,839,284,899,307,940,314,790,285,944,255,940,254,797,299,761,327,879,315,903,303,755,266,859,254,936,367,845,313,793,395,855,307,855,277,763,257,895,295,865,236,822,274,802,376,887,275
"97",945,289,921,265,947,308,951,359,863,280,930,331,896,327,894,288,970,321,946,316,953,355,936,308,858,339,884,279,801,328,855,285,915,312,953,324,804,283,959,264,951,268,809,310,776,330,893,321,914,314,772,267,875,260,947,378,859,320,807,391,860,321,869,285,777,266,909,303,879,245,838,278,813,386,903,279
"98",960,298,937,274,960,318,963,368,876,290,944,338,913,332,905,299,980,330,961,326,964,365,951,316,871,346,901,282,810,340,870,291,925,324,964,336,813,295,976,268,966,276,821,322,791,333,907,327,926,325,788,269,890,269,959,389,873,328,806,406,871,328,882,294,791,275,922,312,894,255,854,280,825,393,916,287
"99",974,308,942,291,972,330,976,376,892,292,956,349,928,340,916,310,997,334,973,339,975,376,966,323,882,355,918,285,818,352,884,300,919,339,975,349,829,288,989,279,982,284,832,333,804,341,918,337,938,336,805,271,904,279,971,400,886,337,808,418,883,338,895,303,804,285,934,322,907,264,870,281,839,399,930,294
"100",988,318,960,292,985,340,989,385,906,300,968,359,941,351,928,321,1003,349,986,351,984,387,982,330,894,364,934,291,828,362,900,302,931,350,984,360,843,297,1003,290,997,294,846,341,819,342,931,345,949,346,819,278,919,288,983,410,899,347,821,421,894,349,908,313,817,296,946,333,921,274,883,292,851,406,944,301
"101",1002,328,972,305,998,350,1000,395,919,310,980,369,957,358,939,333,1018,358,997,364,993,399,993,339,905,374,950,300,841,370,914,305,945,360,999,367,856,308,1016,301,1011,304,859,352,833,348,941,357,962,356,829,292,934,296,993,423,912,357,827,436,910,353,922,321,830,307,958,344,936,283,899,297,864,414,957,310
"102",1015,339,986,316,1011,360,1011,407,932,320,992,377,970,369,947,347,1030,370,1013,372,1002,411,1000,353,916,383,965,309,854,377,928,314,955,373,1012,376,865,322,1029,313,1025,315,870,363,847,355,953,367,975,365,845,287,950,304,1003,436,925,367,841,431,924,360,934,331,842,319,970,355,951,291,913,305,877,421,969,320
"103",1027,351,1000,328,1023,372,1022,417,941,333,1001,389,985,379,952,362,1040,384,1025,384,1012,422,1014,361,927,392,979,320,867,384,942,323,970,375,1027,381,873,335,1041,325,1038,326,884,373,860,362,966,376,985,377,860,290,962,316,1015,446,937,376,855,438,937,369,946,342,850,334,981,365,965,301,924,317,890,428,981,330
"104",1039,364,1015,339,1034,384,1033,427,952,346,1015,397,1000,387,957,377,1052,396,1036,398,1022,433,1029,368,937,403,994,329,880,391,955,333,982,383,1038,394,887,341,1052,339,1052,337,896,384,873,370,979,384,995,389,875,298,975,328,1027,457,950,386,867,436,946,382,957,354,862,345,993,376,977,313,940,321,901,438,993,340
"105",1051,376,1027,352,1044,396,1043,440,963,357,1026,409,1011,400,965,391,1064,408,1049,410,1032,445,1042,379,948,412,1009,338,892,399,964,346,996,387,1050,406,891,357,1064,352,1065,347,907,395,885,379,987,397,1006,400,889,308,988,340,1035,470,962,396,874,451,958,391,968,365,876,355,1005,387,990,324,954,329,912,448,1005,350
"106",1063,388,1040,365,1056,408,1054,450,973,371,1037,421,1022,413,976,402,1077,419,1061,422,1042,456,1053,391,959,422,1024,346,904,407,975,358,1004,397,1061,418,902,370,1075,364,1078,359,919,407,897,390,1000,405,1017,412,902,318,1000,352,1043,484,973,408,887,455,971,400,979,377,888,366,1017,398,1004,334,968,338,923,457,1018,359
"107",1076,400,1056,373,1066,421,1065,461,982,385,1048,432,1034,426,984,416,1086,434,1073,436,1052,467,1065,403,969,433,1037,358,916,416,987,370,1015,407,1067,434,914,382,1088,376,1090,372,931,418,909,399,1012,415,1028,424,916,327,1012,364,1051,498,985,419,900,464,984,410,987,391,901,376,1028,409,1017,345,981,348,935,466,1030,369
"108",1088,412,1069,386,1079,432,1074,473,992,397,1054,447,1047,437,990,431,1097,446,1086,447,1062,478,1077,414,978,444,1049,371,927,425,998,382,1031,412,1081,440,922,397,1100,389,1102,385,943,429,922,408,1023,425,1038,435,930,337,1025,376,1060,511,997,430,915,465,995,421,996,405,916,385,1039,421,1030,356,994,358,946,475,1041,380
"109",1097,427,1081,400,1090,444,1083,486,1005,408,1067,456,1062,445,999,444,1110,458,1099,459,1072,489,1088,427,988,455,1061,384,938,435,1009,394,1041,424,1086,454,929,413,1111,402,1115,397,954,442,933,418,1033,437,1049,447,943,347,1039,386,1069,525,1008,441,928,466,1006,432,1007,417,929,396,1050,433,1044,366,1006,369,957,485,1052,391
"110",1107,441,1093,413,1098,459,1093,498,1015,420,1076,469,1072,458,1010,456,1117,473,1111,471,1080,501,1098,440,998,466,1074,396,949,444,1018,408,1053,435,1095,467,936,428,1116,419,1125,410,963,455,945,428,1043,450,1058,460,957,357,1053,396,1077,538,1019,453,931,481,1020,440,1017,429,941,407,1061,444,1057,377,1019,380,968,495,1063,402
"111",1116,456,1110,421,1109,470,1104,509,1027,430,1088,480,1082,472,1020,468,1128,486,1121,486,1086,515,1109,453,1007,478,1084,410,960,454,1030,419,1065,446,1106,480,943,443,1127,432,1136,424,973,468,955,439,1054,460,1068,473,964,371,1066,407,1086,552,1029,465,942,492,1029,453,1026,442,952,420,1072,456,1068,390,1031,391,979,505,1073,414
"112",1125,470,1122,434,1118,484,1114,520,1035,444,1095,494,1094,485,1028,482,1140,498,1130,500,1091,529,1121,464,1016,489,1096,422,971,464,1041,430,1079,456,1115,494,951,459,1141,442,1146,439,984,480,964,452,1063,473,1077,486,968,388,1079,419,1095,565,1040,477,955,501,1040,463,1030,458,963,433,1081,469,1079,403,1042,402,988,516,1084,426
"113",1134,485,1132,450,1128,498,1121,534,1047,455,1108,504,1106,497,1040,493,1150,512,1142,513,1097,543,1127,479,1025,501,1109,434,981,474,1047,446,1091,468,1123,509,959,474,1148,457,1155,454,995,492,974,463,1072,486,1086,499,981,398,1090,433,1101,580,1049,490,970,503,1051,474,1034,473,970,448,1087,484,1089,417,1054,414,997,528,1094,438
"114",1142,500,1142,465,1137,511,1128,547,1057,468,1111,517,1113,513,1049,506,1159,527,1152,528,1103,556,1138,492,1034,512,1121,447,992,485,1053,461,1103,480,1132,522,968,488,1155,473,1166,467,1004,505,986,474,1079,500,1094,513,995,407,1101,446,1108,594,1059,503,985,502,1065,482,1039,489,985,457,1094,499,1100,430,1066,426,1005,540,1102,451
"115",1150,516,1151,480,1144,527,1136,560,1064,482,1121,529,1122,528,1060,517,1168,541,1158,544,1108,570,1146,507,1038,527,1128,463,1000,496,1066,470,1115,492,1141,537,984,492,1164,488,1178,480,1011,520,997,485,1088,512,1101,526,1006,420,1113,458,1114,609,1068,516,985,518,1075,494,1044,504,995,470,1100,513,1110,444,1076,438,1013,553,1111,464
"116",1156,532,1161,496,1150,542,1144,574,1075,492,1131,542,1131,543,1071,529,1176,556,1167,559,1114,584,1154,521,1047,537,1134,479,1008,509,1074,483,1126,504,1149,552,990,506,1173,503,1186,495,1017,535,1007,495,1099,523,1109,540,1016,434,1126,470,1119,625,1075,530,993,531,1079,509,1054,516,1006,483,1103,529,1119,458,1086,451,1021,565,1118,478
"117",1159,549,1169,512,1158,557,1150,588,1086,504,1134,557,1138,558,1079,543,1181,573,1176,574,1118,598,1163,536,1053,551,1147,491,1016,522,1083,494,1138,516,1155,567,999,514,1181,518,1193,511,1025,550,1017,507,1104,538,1116,554,1024,448,1136,484,1123,640,1082,544,1004,543,1091,519,1063,530,1017,495,1105,545,1128,473,1095,465,1029,577,1126,492
"118",1163,565,1177,529,1163,572,1155,602,1093,518,1141,571,1146,574,1085,558,1184,590,1184,590,1121,613,1173,549,1059,564,1157,505,1023,534,1093,506,1149,528,1159,583,1014,514,1188,534,1199,528,1033,564,1026,520,1112,552,1123,569,1029,464,1146,498,1128,655,1091,556,1014,555,1102,531,1069,544,1027,509,1107,561,1138,487,1104,479,1037,589,1132,506
"119",1167,582,1185,545,1168,588,1158,617,1101,532,1148,586,1154,589,1091,573,1186,607,1189,607,1121,628,1179,564,1065,577,1163,521,1031,546,1106,515,1161,540,1166,598,1017,530,1195,550,1206,544,1041,578,1035,532,1119,565,1130,583,1035,480,1155,513,1133,671,1093,572,1025,567,1113,542,1076,559,1035,524,1109,577,1146,502,1113,493,1043,603,1138,520
"120",1178,595,1191,562,1172,604,1161,632,1106,546,1154,600,1160,605,1098,587,1187,624,1193,624,1121,643,1183,581,1070,591,1168,538,1040,558,1111,530,1168,555,1174,613,1023,546,1200,567,1213,560,1049,593,1044,545,1127,579,1135,598,1042,495,1163,528,1135,686,1106,582,1035,579,1122,554,1085,573,1043,539,1111,593,1154,517,1123,506,1048,617,1144,535
"121",1180,612,1202,577,1175,620,1161,648,1118,557,1160,615,1164,622,1105,602,1187,641,1194,642,1121,658,1187,597,1072,606,1175,554,1046,571,1120,544,1178,566,1180,629,1033,560,1205,583,1219,576,1056,607,1051,558,1134,593,1141,612,1051,509,1172,543,1138,702,1111,597,1045,591,1126,570,1089,588,1053,552,1112,609,1160,533,1130,520,1052,631,1149,549
"122",1179,629,1211,592,1176,637,1161,663,1125,572,1163,631,1169,639,1109,617,1185,658,1197,659,1121,673,1193,612,1075,620,1183,570,1052,585,1127,558,1183,581,1184,645,1049,565,1210,600,1223,593,1063,622,1058,572,1139,607,1147,627,1059,524,1182,558,1139,718,1114,612,1055,604,1136,582,1087,604,1062,566,1112,625,1166,549,1136,536,1057,645,1151,565
"123",1182,646,1209,610,1176,654,1160,679,1127,588,1166,647,1173,655,1112,633,1183,675,1198,677,1120,687,1196,628,1076,635,1188,586,1056,599,1135,573,1195,592,1186,662,1056,575,1213,617,1226,610,1068,638,1064,586,1145,622,1148,643,1066,540,1189,574,1139,734,1121,627,1065,617,1142,596,1092,619,1070,582,1111,641,1171,565,1142,551,1063,658,1153,581
"124",1182,663,1218,626,1173,670,1157,694,1131,604,1166,663,1177,672,1117,648,1180,692,1197,694,1118,702,1197,645,1078,649,1192,604,1060,613,1141,588,1200,607,1184,678,1060,591,1215,634,1229,628,1072,654,1071,600,1150,637,1150,658,1073,555,1194,590,1139,750,1128,641,1073,630,1148,611,1097,634,1077,597,1109,657,1175,582,1146,567,1066,672,1155,596
"125",1183,680,1224,643,1169,686,1152,708,1138,619,1166,679,1178,689,1120,664,1176,708,1194,711,1115,717,1195,662,1080,664,1198,620,1065,627,1147,602,1209,622,1184,694,1071,605,1218,651,1228,645,1076,669,1077,614,1154,652,1154,674,1074,572,1199,607,1139,766,1130,657,1082,643,1154,625,1099,650,1085,611,1105,672,1180,598,1152,581,1066,687,1157,612
"126",1183,697,1227,661,1165,702,1145,722,1144,634,1166,695,1180,706,1125,679,1166,722,1188,728,1110,731,1189,677,1080,678,1203,637,1070,641,1149,618,1215,637,1183,711,1081,618,1216,668,1228,662,1080,685,1081,629,1156,667,1155,690,1076,588,1203,624,1137,782,1133,673,1094,655,1156,641,1095,665,1091,627,1098,686,1182,615,1158,597,1066,702,1156,627
"127",1175,713,1228,679,1160,718,1137,735,1147,650,1167,711,1177,724,1130,694,1157,737,1182,745,1105,745,1186,694,1079,693,1204,654,1073,655,1155,633,1221,653,1180,727,1091,632,1213,685,1227,680,1085,701,1084,644,1157,683,1154,705,1082,604,1206,641,1134,798,1137,688,1098,671,1156,657,1097,681,1097,643,1090,700,1184,632,1161,612,1067,716,1154,643
"128",1171,730,1229,697,1150,731,1127,746,1149,666,1164,727,1175,741,1132,710,1144,747,1176,761,1096,757,1180,709,1076,707,1204,672,1074,670,1156,650,1223,670,1170,741,1101,646,1209,702,1228,697,1087,717,1087,659,1159,698,1149,721,1088,620,1206,658,1132,814,1139,704,1105,685,1155,672,1096,697,1100,660,1081,713,1186,649,1161,629,1065,731,1151,658
"129",1166,746,1226,715,1139,743,1114,756,1154,682,1158,742,1168,757,1131,726,1133,761,1167,776,1087,768,1169,721,1072,721,1202,689,1074,684,1157,666,1226,686,1161,755,1110,660,1205,719,1224,714,1090,733,1086,675,1156,714,1144,735,1091,636,1205,675,1125,828,1138,720,1114,698,1154,688,1093,713,1104,676,1071,726,1186,666,1162,645,1061,745,1148,673
"130",1160,762,1224,734,1128,756,1100,761,1155,698,1150,756,1160,772,1132,742,1119,770,1157,791,1076,779,1157,733,1068,735,1203,705,1073,699,1157,682,1227,703,1152,769,1119,675,1200,735,1220,731,1094,749,1085,690,1153,729,1138,750,1094,653,1202,692,1116,841,1139,736,1120,713,1151,704,1089,729,1107,693,1059,737,1185,683,1162,662,1053,758,1143,688
"131",1150,776,1221,752,1117,768,1086,767,1152,714,1140,769,1150,786,1132,758,1105,780,1144,803,1065,789,1146,746,1061,748,1198,721,1072,713,1155,699,1226,719,1141,782,1128,689,1192,751,1215,748,1089,764,1082,705,1149,744,1131,764,1097,669,1198,709,1104,852,1136,751,1124,728,1144,718,1085,744,1107,710,1047,747,1182,700,1161,678,1046,771,1136,702
"132",1138,789,1217,769,1105,780,1071,770,1155,730,1130,781,1138,799,1129,774,1090,787,1131,814,1054,799,1134,757,1054,761,1196,738,1068,727,1152,715,1226,736,1128,792,1134,705,1183,766,1210,764,1087,780,1079,720,1145,759,1120,776,1100,686,1191,725,1091,861,1132,767,1126,744,1136,732,1079,759,1105,726,1034,756,1177,716,1158,694,1039,784,1127,715
"133",1128,802,1209,786,1091,789,1055,772,1149,746,1119,793,1126,811,1120,787,1074,795,1117,825,1043,809,1120,765,1049,775,1188,753,1060,740,1148,730,1224,753,1114,802,1140,721,1174,781,1199,779,1083,796,1075,734,1139,774,1110,788,1099,702,1184,741,1077,869,1125,781,1125,760,1126,744,1072,774,1107,743,1020,764,1171,732,1155,710,1030,795,1117,727
"134",1113,811,1197,800,1078,798,1040,775,1144,761,1108,804,1112,821,1108,798,1058,801,1102,835,1031,818,1106,774,1040,786,1181,769,1052,752,1142,746,1222,770,1100,809,1145,737,1163,793,1190,793,1078,812,1071,749,1133,788,1100,800,1097,719,1177,757,1062,874,1115,793,1121,775,1114,754,1064,788,1105,759,1005,771,1162,747,1152,726,1020,806,1108,740
"135",1100,821,1184,813,1064,807,1025,778,1139,777,1094,812,1097,829,1096,807,1043,808,1087,844,1019,826,1091,783,1030,796,1171,784,1042,763,1136,761,1219,786,1085,815,1150,754,1149,804,1179,807,1070,826,1066,764,1124,801,1088,811,1092,735,1170,773,1046,877,1105,806,1113,789,1101,763,1054,800,1100,776,990,776,1153,761,1146,742,1009,815,1096,750
"136",1084,829,1170,825,1050,816,1010,781,1133,792,1079,818,1081,836,1081,813,1027,813,1071,850,1006,833,1076,788,1019,807,1160,797,1032,774,1128,776,1213,801,1070,823,1149,771,1136,815,1167,820,1060,840,1058,777,1113,812,1076,820,1086,751,1159,786,1031,878,1092,815,1103,801,1088,772,1042,811,1093,791,975,780,1141,774,1139,757,996,822,1084,760
"137",1068,835,1155,835,1034,822,996,787,1122,804,1063,822,1064,841,1065,817,1010,815,1054,855,992,840,1060,795,1008,816,1147,809,1022,784,1119,789,1208,817,1055,830,1144,787,1121,824,1154,831,1048,851,1046,787,1102,822,1063,829,1077,765,1147,799,1014,878,1078,824,1090,811,1074,779,1029,820,1084,805,959,784,1129,786,1129,769,982,827,1072,770
"138",1052,842,1141,846,1018,826,982,793,1111,816,1047,825,1048,845,1050,820,993,813,1037,858,978,845,1044,800,996,824,1133,820,1011,794,1109,802,1199,831,1039,834,1138,803,1105,831,1140,841,1035,860,1035,797,1089,831,1051,839,1067,778,1134,810,999,877,1063,829,1078,822,1063,790,1016,830,1073,818,943,787,1117,797,1118,781,968,830,1059,778
"139",1036,847,1123,847,1003,831,968,801,1099,828,1031,826,1031,848,1034,823,977,818,1019,861,964,851,1029,807,982,830,1119,831,997,799,1097,813,1190,846,1022,837,1129,817,1090,839,1124,849,1021,868,1022,805,1076,840,1036,845,1056,791,1120,820,983,875,1049,835,1063,827,1050,800,1003,840,1060,829,927,789,1102,806,1106,792,953,833,1045,786
"140",1019,852,1105,851,987,837,954,807,1085,836,1015,828,1013,851,1018,825,959,819,1002,863,950,855,1014,813,969,837,1104,840,983,803,1084,823,1180,859,1006,839,1116,828,1073,845,1109,857,1005,872,1008,812,1063,848,1021,849,1044,803,1106,830,967,874,1033,839,1048,831,1037,808,988,844,1046,838,913,795,1087,814,1093,803,939,836,1031,793
"141",1003,856,1088,857,971,841,939,810,1071,844,999,829,996,853,1002,827,943,816,984,864,936,859,1001,823,956,843,1088,848,969,808,1075,836,1166,869,990,845,1102,838,1057,850,1093,864,989,875,994,818,1048,853,1005,852,1032,814,1091,839,951,874,1017,842,1033,835,1022,815,975,853,1032,847,898,802,1071,821,1080,812,924,834,1016,798
"142",986,859,1070,861,955,843,924,813,1056,852,983,827,979,854,986,827,927,811,966,865,921,862,987,832,943,848,1072,854,955,812,1060,841,1152,877,974,848,1087,846,1039,850,1076,867,973,878,979,823,1033,858,990,857,1018,825,1075,845,935,874,1001,844,1018,841,1008,822,960,857,1016,853,884,810,1055,826,1066,820,910,833,1001,802
"143",969,863,1052,863,938,845,910,818,1041,857,967,828,963,850,970,828,910,813,949,867,906,865,970,834,928,850,1055,858,941,813,1045,848,1136,882,958,852,1071,852,1022,854,1058,868,957,876,965,828,1018,860,976,863,1004,833,1058,851,920,878,986,846,1003,847,994,829,944,859,999,856,870,818,1039,832,1050,825,895,833,986,805
"144",952,868,1035,869,922,846,897,826,1025,861,952,832,949,856,954,828,897,825,931,868,892,866,954,839,914,852,1039,863,926,812,1030,853,1119,885,941,852,1055,859,1005,857,1041,869,941,874,950,833,1002,860,960,867,989,842,1042,857,905,879,970,849,988,851,979,834,929,865,983,858,857,827,1023,838,1034,828,880,834,971,809
"145",936,874,1017,873,906,852,884,834,1009,864,936,836,933,852,938,828,881,829,914,868,877,867,938,843,899,853,1023,868,912,815,1014,858,1103,887,924,853,1038,861,988,856,1023,869,924,872,935,837,987,860,945,869,975,850,1025,861,889,879,954,849,972,854,964,839,913,867,966,857,844,836,1006,841,1019,834,866,836,956,814
"146",920,878,999,875,890,857,870,841,992,864,921,842,917,854,923,827,865,835,897,867,862,868,924,851,884,855,1005,869,897,819,998,863,1086,886,912,861,1023,868,971,855,1006,871,908,870,920,839,971,860,929,871,960,857,1008,865,873,880,938,848,956,857,949,844,897,870,949,856,831,845,990,843,1002,836,851,836,941,819
"147",903,880,980,875,875,863,856,846,976,863,907,849,902,862,907,823,851,844,881,875,847,871,907,850,870,856,988,870,883,820,982,864,1070,885,899,870,1006,867,955,859,990,875,892,870,905,843,955,860,914,876,943,862,991,867,857,879,922,847,941,861,933,848,882,875,933,864,817,854,973,846,986,835,836,837,926,824
"148",886,878,962,876,860,870,841,851,959,861,899,861,887,871,893,828,836,854,866,885,832,874,895,861,855,855,970,870,868,821,966,867,1053,882,887,880,989,869,938,861,973,871,876,872,891,849,940,860,898,874,927,865,974,867,843,882,906,849,925,863,918,851,870,886,918,869,804,864,956,848,970,835,825,846,911,829
"149",871,887,944,879,844,875,827,857,943,860,883,865,872,879,879,836,821,861,850,891,818,875,878,863,841,855,953,872,854,820,951,873,1037,878,871,886,974,876,922,868,956,872,860,875,877,855,924,860,882,872,911,870,956,866,833,893,890,851,909,864,902,856,855,892,902,875,791,872,939,850,953,834,813,855,896,832
"150",856,895,927,886,831,885,812,863,927,860,870,874,859,890,866,845,806,869,833,897,803,875,862,864,826,854,935,874,839,819,935,878,1020,874,856,893,958,870,906,873,939,877,843,878,863,862,909,861,867,873,894,874,939,868,817,896,874,852,896,868,887,860,840,898,886,878,776,878,922,853,937,833,801,863,881,837
"151",840,902,909,889,815,890,797,865,911,862,854,878,842,895,852,852,791,876,817,903,788,876,851,875,812,858,918,875,826,822,919,882,1005,877,841,900,941,873,891,882,923,884,828,883,849,868,893,862,852,877,878,879,923,873,802,901,858,852,888,882,872,863,825,904,869,880,761,884,905,855,921,835,787,864,868,845
"152",824,908,891,891,801,898,782,867,895,856,839,882,827,901,836,858,774,878,800,909,773,877,837,884,800,865,901,879,814,831,903,886,988,877,826,908,925,871,875,889,907,890,814,891,835,873,878,860,837,882,862,883,906,876,787,907,842,852,876,892,856,864,811,911,852,883,746,889,888,858,906,841,774,871,854,852
"153",808,914,873,893,784,898,767,871,879,857,825,891,810,903,822,863,757,879,783,911,758,878,822,890,785,867,883,877,801,837,887,888,971,878,810,909,909,873,859,895,892,899,799,897,820,876,862,858,821,884,845,886,889,879,771,906,827,853,863,902,840,866,795,912,836,886,731,895,871,861,890,844,762,879,840,859
"154",791,916,860,906,769,904,752,876,862,858,812,899,796,913,807,869,740,883,765,914,743,880,806,895,771,871,866,873,787,842,871,891,954,877,793,910,893,872,843,902,876,902,785,903,805,879,847,855,806,886,828,887,872,882,757,911,813,861,849,908,824,868,779,913,819,889,716,901,856,867,877,853,748,881,825,864
"155",774,922,843,912,753,908,737,876,848,866,798,907,782,923,792,875,724,889,749,919,728,881,790,900,757,873,849,871,774,849,855,892,940,885,776,912,878,876,827,904,860,907,769,904,790,884,834,862,792,895,812,888,855,887,742,916,800,870,834,914,809,872,764,918,802,892,701,907,840,874,862,859,733,884,810,869
"156",759,929,825,910,736,910,721,877,832,870,784,915,766,930,777,880,708,896,732,923,713,882,773,902,742,876,833,875,761,855,839,896,927,895,760,916,865,887,809,904,845,914,753,909,775,888,819,866,778,900,795,885,839,894,726,921,786,878,818,916,794,878,748,921,786,896,685,909,824,881,847,867,721,891,795,873
"157",742,932,809,919,720,914,706,879,816,869,769,921,749,935,761,885,691,893,715,924,698,883,757,904,728,879,817,882,747,860,823,901,912,902,744,917,849,893,792,904,828,918,737,911,760,889,804,869,762,903,779,881,824,901,711,926,771,880,802,918,779,881,732,920,770,902,669,910,808,886,832,872,707,896,780,876
"158",726,937,791,922,704,917,691,878,802,877,753,925,733,940,746,889,675,898,698,928,684,883,740,908,714,881,800,885,733,865,807,904,896,908,728,921,832,895,777,913,811,923,723,918,745,891,790,875,747,907,762,879,808,908,695,927,758,889,786,919,763,885,716,921,754,904,654,912,792,891,816,877,692,898,764,880
"159",709,940,773,926,688,914,675,877,786,880,738,929,715,942,730,893,658,900,681,924,669,883,724,911,700,885,783,889,719,870,791,901,880,914,712,924,818,904,760,916,794,926,707,922,730,893,774,876,731,910,746,883,792,916,679,925,743,892,770,920,748,890,700,924,739,910,638,914,776,897,800,878,678,901,749,883
"160",692,940,755,931,671,916,660,875,770,881,722,933,698,944,714,895,642,896,664,924,654,882,708,907,687,892,766,893,705,874,775,904,865,919,695,926,803,910,743,917,777,930,692,928,714,893,759,879,716,914,730,887,776,921,663,924,729,899,754,920,732,893,684,928,722,914,622,913,760,903,784,880,663,901,733,884
"161",675,940,738,936,655,919,645,870,753,882,707,934,681,944,699,899,625,894,646,925,639,882,691,910,673,897,748,893,691,875,758,904,848,920,678,927,786,913,725,917,760,933,676,929,699,895,744,883,700,917,713,888,759,926,647,923,713,902,739,920,717,896,668,930,706,916,606,912,744,908,768,886,649,902,718,885
"162",658,937,720,934,639,916,631,865,737,885,691,932,664,943,683,899,608,895,630,920,624,880,675,907,659,898,731,897,676,876,742,906,831,922,661,928,769,912,708,918,742,935,660,929,684,896,729,887,685,919,697,893,742,929,631,924,698,903,723,920,702,900,652,931,689,916,590,911,727,910,753,891,634,901,702,886
"163",641,934,701,934,622,917,616,864,721,888,675,932,646,941,667,898,591,894,613,916,609,878,658,906,644,898,714,895,662,876,726,903,815,925,645,928,754,917,691,918,725,936,643,929,668,897,714,884,669,919,682,900,725,931,615,924,682,905,707,920,686,900,636,930,672,916,574,910,710,908,736,893,619,899,686,885
"164",624,932,683,934,607,911,600,862,705,888,658,931,629,938,651,898,575,889,595,912,594,876,642,907,629,896,697,899,647,876,710,901,799,929,628,926,739,923,674,916,707,933,627,928,653,896,698,886,653,918,665,898,707,932,599,923,666,905,691,918,670,899,620,928,655,914,558,907,693,904,720,894,606,895,671,884
"165",607,929,665,933,592,904,585,861,689,884,643,929,613,935,635,898,559,882,578,908,580,872,625,905,615,896,680,901,632,874,694,899,782,933,611,924,722,924,657,912,690,930,611,926,638,899,683,888,637,915,648,897,690,932,584,920,650,908,675,915,654,896,604,926,638,917,542,903,677,901,704,893,593,887,655,881
"166",590,926,648,928,576,902,570,859,673,885,627,926,595,934,619,896,544,875,561,905,566,868,609,900,600,895,662,902,618,872,678,896,766,936,595,920,705,922,640,907,673,928,595,927,623,895,667,888,622,912,631,897,673,932,568,916,634,905,660,911,638,896,589,922,622,917,527,897,660,898,688,890,580,880,640,877
"167",573,922,631,920,559,901,554,857,657,881,612,920,578,930,605,890,528,868,544,899,551,865,594,896,586,892,645,902,604,867,662,895,749,937,579,915,688,921,623,903,656,924,578,929,608,891,652,885,606,909,615,899,656,929,553,911,619,900,644,907,623,894,573,918,605,916,518,885,644,893,671,889,567,874,625,873
"168",558,914,613,920,543,898,539,854,640,878,596,917,563,923,590,883,512,862,528,893,537,861,579,895,571,892,628,898,591,861,646,897,732,935,566,905,671,919,606,904,639,920,563,925,593,889,638,879,591,905,598,902,639,924,538,906,605,893,628,905,608,889,558,914,588,914,503,880,628,887,655,887,553,869,610,870
"169",543,906,597,911,527,894,524,852,624,875,581,911,546,919,575,877,495,860,511,889,522,858,563,888,557,888,610,897,578,854,630,894,716,933,549,902,654,916,589,900,623,913,549,916,578,893,622,876,576,900,581,904,623,919,523,913,590,887,615,898,593,884,544,908,572,911,487,877,611,882,640,885,539,865,594,868
"170",527,900,579,912,512,887,509,849,608,871,571,899,531,912,561,870,478,859,493,886,507,855,547,883,543,883,592,896,566,845,614,889,699,931,533,897,638,912,572,898,606,910,533,911,564,890,607,871,562,893,565,901,606,915,508,908,575,881,600,892,578,878,529,911,558,901,471,876,595,877,624,879,525,864,579,866
"171",510,901,562,918,495,884,494,846,593,865,560,888,517,902,547,863,463,851,476,887,493,852,532,880,530,878,575,895,553,840,599,882,683,927,518,891,622,906,555,896,591,901,519,903,550,884,592,868,548,885,548,899,589,909,493,902,560,877,585,887,562,875,513,910,542,897,455,875,578,874,610,872,513,855,563,864
"172",494,895,548,906,479,882,479,841,578,858,544,885,506,889,532,857,448,844,458,887,478,849,517,871,517,871,557,894,538,838,584,876,667,921,502,887,607,898,538,893,577,891,503,903,535,883,577,864,534,879,531,895,575,900,478,902,544,872,570,885,547,874,497,908,526,897,439,873,562,870,594,866,499,854,548,862
"173",482,884,530,906,462,880,464,836,564,850,528,885,491,881,517,851,432,838,441,888,463,846,501,871,503,866,540,892,526,833,569,870,652,914,487,879,591,891,521,890,561,884,494,890,521,881,562,860,520,870,515,891,559,892,462,899,529,867,556,880,531,872,481,905,509,894,424,870,545,865,580,858,485,848,532,859
"174",465,883,512,907,446,879,450,831,550,842,512,884,475,873,502,846,416,831,423,890,449,841,487,861,489,863,524,886,516,824,553,867,638,906,472,875,576,884,504,885,544,884,479,884,508,873,549,851,506,863,500,884,543,888,450,891,515,861,547,868,516,873,465,904,497,884,408,865,529,859,565,852,472,842,517,856
"175",449,879,498,896,430,874,435,825,535,835,496,881,460,864,487,840,399,827,407,883,436,836,472,856,474,860,508,878,501,822,538,865,624,896,458,868,561,876,488,879,532,872,464,878,495,865,537,842,491,860,487,874,525,886,436,884,500,854,533,860,501,868,450,897,480,883,394,859,513,853,549,852,458,838,502,851
"176",437,867,480,896,414,871,421,820,521,828,483,873,444,860,473,831,382,825,390,887,422,830,457,849,460,858,491,874,487,817,521,866,612,885,443,860,546,867,471,875,516,866,448,875,481,859,525,831,475,857,471,868,512,876,420,882,485,848,519,853,486,862,440,886,464,880,382,848,497,848,535,844,443,836,488,844
"177",423,858,464,888,398,867,406,815,505,823,468,865,428,854,459,825,365,826,373,882,408,825,444,840,445,857,474,870,475,810,507,858,596,880,428,852,532,858,455,869,499,862,434,868,468,852,512,825,460,852,459,857,497,869,407,887,470,852,503,854,471,857,424,886,448,874,370,837,480,844,519,842,429,833,474,837
"178",406,860,448,881,384,857,392,811,491,816,453,860,411,852,443,821,349,821,356,878,394,819,430,832,431,853,457,863,462,803,492,851,580,875,413,845,516,851,438,865,482,858,419,863,458,841,496,822,447,844,444,860,480,870,392,880,458,843,489,849,456,853,408,883,432,866,359,826,464,840,503,837,414,831,461,829
"179",391,851,435,867,370,848,377,806,475,810,442,850,394,846,428,816,333,816,340,871,381,812,417,823,418,847,442,856,448,798,479,843,564,871,397,841,501,844,422,859,466,851,408,853,447,834,481,818,432,843,429,865,465,862,378,873,443,837,476,841,441,847,394,876,417,860,347,815,447,835,488,831,401,825,447,822
"180",375,846,422,854,359,837,364,799,461,802,427,847,378,840,413,811,318,807,327,862,367,805,403,813,406,839,426,848,436,790,463,844,550,862,382,835,484,839,412,846,450,845,392,855,440,824,467,812,418,838,414,857,452,850,363,870,428,841,461,836,431,836,382,866,401,855,339,801,433,826,473,824,388,820,434,813
