"nrow","ncol"
-1.05662553028106,-0.381549812521311
0.850302710207226,-1.21821339474282
0.31612967589482,-0.762349539699704
-1.2216068164083,-0.483181783035387
1.09560935577805,-0.377858737992098
-0.460042143523227,-0.509216658878009
-0.969881600228065,-1.76321588857084
-0.842520617355739,-0.329375419874998
0.365871571322068,1.61159470859195
1.91515907543635,-0.14690473056972
1.6300318960376,-0.371739534848364
-0.504183444355521,-0.360095487437503
-0.108053980501394,1.89579308511164
-0.130839002243722,2.04175337588367
0.0846196470885518,-0.36181539702231
-0.61579931544982,0.574174097857393
-0.711250281826401,0.394651016238335
-0.23597162192417,-0.708259187183804
2.22945008284892,0.406836184437022
-0.815051258157656,0.0492221239827116
-1.43422334957031,-0.064198149176766
1.53279779374713,-0.449819473954248
-0.832282129899191,-0.102564347211349
-0.863343842608643,-1.07945901823795
-0.0746717183741609,2.07286914535263
-0.450687143298693,0.806181859607885
-0.705219230200454,-1.43522821306591
-0.0248025476751308,-0.590305046044223
0.36983809717274,0.0820404663970975
0.217542391690286,0.197036298572854
-0.90125270741162,0.470481869040453
2.14252286240192,-1.06992424117858
0.208433121667624,1.96263983017224
