"","X1","X2","X3","X4","X5","X6","X7","X8","X9","X10","X11","X12","X13","X14","X15","X16","X17","X18","X19","X20","X21","X22","X23","X24","X25","X26","X27","X28","X29","X30","X31","X32","X33","X34","X35","X36","X37","X38","X39","X40","X41","X42","X43","X44","X45","X46","X47","X48","X49","X50","X51","X52","X53","X54","X55","X56","X57","X58","X59","X60","X61","X62","X63","X64","X65","X66"
"1",460,820,314,814,337,825,376,807,278,800,393,859,379,857,398,851,343,767,269,827,354,744,350,849,394,751,392,784,355,819,347,776,485,819,417,818,254,761,383,800,419,808,289,800,417,830,383,840,376,731,345,793,422,800,340,824,330,791,366,807,419,803,236,798,383,763
"2",445,822,298,814,321,829,361,813,261,798,377,856,363,856,381,854,328,767,253,823,338,744,334,855,378,751,378,781,338,820,331,781,470,825,401,818,238,759,367,799,402,809,273,796,400,832,367,845,360,728,328,794,407,801,325,825,314,793,350,804,403,800,221,798,368,762
"3",430,824,282,814,306,834,347,820,245,795,361,855,347,854,363,858,313,766,236,820,322,744,318,861,361,751,364,779,322,822,315,785,455,831,385,818,221,756,351,799,385,811,257,791,384,832,352,850,344,726,312,794,391,802,310,826,298,796,335,803,387,797,206,797,352,761
"4",414,826,265,814,290,837,332,826,228,793,345,854,330,855,346,862,297,766,220,817,306,742,303,868,345,751,350,776,305,823,299,787,439,836,369,818,205,754,335,799,368,812,241,787,367,832,336,856,327,724,295,795,376,803,295,827,283,798,319,805,370,795,191,797,337,760
"5",399,828,249,815,274,841,317,831,211,791,328,852,314,855,329,866,282,766,204,812,289,741,287,874,328,751,336,775,289,825,283,789,424,840,353,820,189,752,318,799,350,813,224,782,350,834,321,862,311,723,279,796,361,805,280,827,267,803,304,808,354,793,177,798,322,757
"6",384,830,233,815,258,845,302,836,194,789,312,851,298,856,311,870,267,767,188,807,273,740,271,880,312,751,321,773,272,828,267,793,408,844,337,823,173,748,302,798,333,815,208,778,333,835,305,868,295,722,262,798,345,807,265,829,252,806,288,813,337,791,162,798,307,754
"7",369,831,217,816,243,852,286,840,178,786,296,851,282,854,294,876,252,767,172,801,257,739,254,885,295,749,307,772,256,827,251,797,392,848,321,826,157,745,286,798,316,816,192,774,317,835,290,873,278,721,245,800,330,809,250,830,236,808,273,816,321,790,147,797,292,751
"8",353,831,201,814,228,858,271,844,161,784,280,853,266,852,277,881,236,767,157,795,241,737,238,891,279,747,293,769,239,826,235,802,376,852,305,829,141,741,270,798,299,817,176,769,300,836,274,879,262,719,229,802,315,812,236,832,220,810,257,819,304,789,132,798,277,749
"9",338,830,185,812,213,863,255,848,145,781,263,854,250,851,260,886,221,768,141,789,225,735,222,897,262,745,279,766,223,825,219,807,361,855,289,832,125,739,254,797,282,819,160,763,283,837,259,885,246,716,212,804,300,815,221,835,204,812,241,820,288,788,117,797,262,748
"10",323,829,168,812,197,867,240,852,128,778,247,856,233,850,244,892,208,764,127,780,209,732,206,903,246,745,265,765,206,825,204,812,345,857,274,836,108,740,238,797,265,821,145,758,266,839,243,891,230,714,196,805,286,820,206,837,189,814,226,821,271,787,103,796,246,747
"11",307,829,152,811,181,868,224,854,113,770,231,857,217,848,227,897,192,763,113,770,193,729,191,909,229,744,250,763,189,825,187,815,328,858,258,840,92,742,222,797,248,824,129,753,250,844,228,897,213,712,179,806,271,824,191,839,173,813,210,823,255,787,88,792,231,747
"12",292,830,136,811,165,867,208,856,98,764,214,859,201,846,210,903,177,762,100,759,178,725,174,913,213,744,236,762,173,824,171,818,312,859,242,844,76,743,205,796,231,826,114,745,234,848,212,903,197,711,163,807,258,832,177,842,157,811,194,825,238,787,75,786,216,746
"13",277,834,120,808,149,864,192,857,82,759,198,860,185,847,193,907,162,760,87,748,162,720,157,917,196,743,222,761,156,822,155,820,296,860,226,846,59,741,189,797,214,827,99,737,217,850,197,909,181,710,146,807,245,841,162,843,141,809,178,827,222,786,64,776,200,745
"14",262,837,104,805,135,857,176,858,66,755,182,861,169,847,175,910,147,756,76,736,147,715,141,914,180,743,208,760,140,818,139,819,280,859,210,848,43,738,173,798,197,829,85,728,201,850,181,913,164,709,129,806,231,845,147,841,126,803,162,829,205,787,56,763,185,744
"15",247,840,91,795,124,846,161,856,50,749,166,864,153,846,157,911,132,753,64,724,132,709,124,911,164,745,193,759,124,813,122,816,264,858,194,846,29,731,157,800,180,832,71,719,184,847,165,914,148,710,113,805,216,849,132,837,113,795,147,826,189,788,54,749,170,742
"16",232,843,78,786,116,832,145,853,39,736,150,869,137,841,140,912,119,746,53,712,117,703,108,905,147,746,179,757,109,808,107,811,248,856,178,844,15,722,141,802,163,834,56,711,168,843,148,912,132,710,97,801,201,848,120,829,101,784,132,821,172,790,55,734,155,739
"17",217,845,69,772,108,817,129,849,35,720,135,875,122,837,123,906,105,739,43,699,102,697,94,895,131,749,165,754,95,798,92,803,232,853,164,836,5,709,125,804,146,836,44,700,153,837,133,906,115,710,81,794,186,844,112,817,90,773,118,814,156,794,57,720,140,735
"18",202,843,62,758,104,802,114,844,34,703,121,884,106,832,107,899,92,732,33,685,90,686,83,882,114,750,152,747,83,787,78,796,217,847,150,828,2,693,109,805,129,838,33,688,138,828,122,895,99,708,66,787,172,838,106,803,77,763,107,803,140,797,60,705,126,728
"19",188,836,58,743,101,786,99,840,35,687,107,884,91,826,91,891,80,723,25,670,79,675,74,868,98,750,140,741,73,774,65,785,203,838,137,818,8,679,93,802,112,839,29,672,124,819,113,881,83,704,52,778,162,826,107,788,68,750,97,790,124,795,64,691,113,721
"20",175,828,60,727,99,770,84,834,36,670,92,878,77,818,78,879,68,713,20,655,71,660,66,853,82,747,129,732,63,761,55,772,189,830,124,809,17,665,78,797,95,836,28,656,112,808,107,866,68,698,40,767,155,812,107,773,60,736,93,776,108,791,68,676,99,714
"21",163,819,66,713,98,753,70,826,37,653,80,866,63,811,66,866,57,702,20,638,69,644,61,837,69,737,118,722,59,745,47,758,175,822,118,794,22,650,64,789,80,827,33,640,101,795,103,850,54,689,29,754,149,798,109,758,56,721,92,760,92,785,74,663,87,705
"22",159,805,77,700,97,737,59,816,41,637,73,851,54,799,54,853,52,688,24,622,73,629,56,820,59,725,109,712,57,728,40,743,160,817,115,779,27,634,55,776,67,816,39,624,92,781,100,833,43,678,21,740,145,784,110,743,58,705,93,744,83,771,81,650,76,695
"23",153,790,87,687,97,721,51,802,45,620,75,836,53,783,43,839,47,674,32,608,79,614,52,804,54,709,101,699,56,712,34,728,144,813,112,763,33,619,45,763,55,804,45,609,85,765,98,817,36,663,16,724,146,768,111,728,62,690,93,728,77,756,87,637,68,681
"24",149,776,94,673,98,705,44,787,50,604,78,820,58,768,34,823,47,659,42,594,87,600,49,787,55,693,95,687,58,695,32,712,128,810,110,747,39,604,42,748,50,788,54,594,80,750,96,800,35,647,11,708,147,753,113,714,65,674,94,712,77,740,94,623,61,668
"25",146,761,101,659,99,689,40,772,55,588,83,804,69,756,30,806,48,643,52,580,96,586,46,770,58,676,93,673,61,679,32,695,112,807,109,731,46,589,44,732,49,771,63,580,78,733,97,784,37,631,13,692,150,738,115,699,68,658,96,696,80,724,101,610,57,653
"26",144,745,108,644,101,672,37,756,60,572,85,788,81,746,31,789,51,628,62,567,105,573,44,753,64,661,90,658,63,662,33,679,96,803,110,715,53,574,48,716,48,754,72,566,78,716,99,768,45,617,15,675,154,723,118,684,70,643,98,680,86,709,110,598,56,638
"27",145,730,115,629,105,657,35,740,65,556,86,772,88,731,35,771,55,614,73,554,114,559,44,736,71,646,93,644,66,646,37,663,81,799,112,699,60,559,51,700,47,736,82,552,80,700,101,751,55,604,18,659,157,708,121,669,75,628,99,665,92,693,119,586,59,623
"28",146,715,122,615,109,641,34,725,72,540,86,755,93,716,40,754,60,600,83,541,122,545,44,719,78,631,96,630,70,630,42,647,66,793,113,683,66,544,55,684,51,720,93,541,77,684,103,735,64,590,22,643,160,693,125,655,80,612,104,650,97,677,127,574,65,609
"29",147,700,129,600,114,625,33,709,79,525,85,739,98,700,44,737,70,589,92,527,130,532,45,702,84,616,99,617,74,614,47,631,53,783,115,667,75,530,60,669,54,703,106,529,67,671,105,718,74,577,29,628,165,678,128,640,85,597,109,635,102,662,136,562,73,596
"30",150,684,136,585,117,610,33,693,86,510,87,723,103,685,49,720,81,577,101,513,139,518,46,685,91,601,104,603,79,598,52,616,42,771,118,651,84,517,65,654,57,686,119,519,53,663,108,702,84,564,35,612,169,664,133,626,90,582,116,620,107,646,146,551,83,584
"31",153,669,144,571,123,594,36,677,95,496,89,706,109,670,53,703,89,565,110,499,150,506,48,668,98,586,110,590,84,582,56,600,33,758,121,635,94,503,70,639,60,669,132,509,39,653,112,686,91,550,41,597,174,649,137,612,96,567,120,605,112,630,154,539,93,573
"32",158,655,152,557,129,579,39,661,104,481,92,690,115,655,57,685,98,552,121,486,160,493,50,651,106,572,117,578,89,566,60,584,32,743,126,619,104,491,78,625,64,652,145,499,28,640,116,670,98,535,47,581,179,634,142,598,103,553,125,590,118,615,164,527,102,560
"33",163,640,159,542,135,564,41,645,113,467,96,675,121,640,63,669,107,540,131,473,172,482,55,635,115,558,124,565,95,551,65,568,36,727,129,604,115,478,85,610,70,636,159,489,23,625,121,654,105,520,53,566,184,620,147,583,109,538,132,576,124,599,174,516,109,547
"34",167,625,165,528,141,549,45,630,123,454,101,659,127,625,69,652,116,528,142,460,183,471,60,619,124,544,132,553,102,535,74,554,42,712,133,588,127,467,91,595,75,620,173,480,25,609,127,639,112,505,60,551,188,605,153,570,116,524,140,562,132,585,184,506,117,534
"35",171,611,173,513,148,535,50,615,134,441,106,644,135,610,75,635,126,516,152,447,195,460,64,602,133,530,139,541,108,520,82,540,49,697,139,573,139,456,99,581,79,603,186,470,34,596,133,623,120,491,67,535,193,591,159,556,122,509,149,549,140,570,195,495,125,520
"36",176,596,181,499,155,520,55,600,144,427,112,628,142,596,81,619,136,504,164,434,208,450,69,586,142,517,148,529,115,505,90,526,57,683,146,558,151,444,108,567,84,587,197,457,47,585,139,608,129,477,75,521,198,576,166,543,129,495,158,536,147,556,206,485,133,507
"37",180,581,189,485,162,505,62,585,153,413,119,613,150,582,88,602,145,493,176,423,221,440,74,569,152,503,156,518,122,490,98,511,63,668,151,543,162,432,116,553,91,571,208,444,61,575,145,593,138,464,83,507,203,561,172,529,136,480,166,522,155,541,216,475,142,495
"38",186,567,197,471,170,491,68,571,163,399,125,598,157,567,95,586,156,481,188,411,234,430,78,553,162,490,164,506,131,476,108,498,69,653,156,528,174,421,124,540,97,555,218,431,74,565,151,577,147,450,92,492,211,548,179,516,144,466,175,509,164,527,228,466,151,483
"39",192,553,205,457,178,477,73,556,173,386,131,583,166,553,102,569,166,470,201,400,246,420,85,537,171,477,173,495,141,463,117,484,76,638,161,512,187,411,133,526,102,538,229,418,87,554,159,563,156,436,100,477,219,535,186,503,153,453,184,496,172,512,240,457,162,472
"40",198,539,214,444,187,463,80,541,184,373,138,568,175,540,110,554,176,458,214,390,260,411,93,522,182,464,183,485,150,449,126,471,84,624,167,497,200,400,143,514,108,522,239,405,100,543,167,548,168,425,108,463,225,521,193,489,162,440,194,484,180,498,252,448,172,460
"41",206,526,223,430,196,450,87,527,194,359,145,554,183,526,118,538,186,448,229,383,274,404,99,506,192,451,194,475,157,434,135,457,93,611,174,483,213,391,154,501,115,507,250,393,113,532,175,534,180,414,117,449,232,508,200,476,171,427,205,473,189,484,264,439,182,449
"42",213,512,233,417,205,436,93,512,205,347,152,539,192,512,125,522,198,438,242,373,288,396,106,491,202,438,204,465,164,419,146,444,102,598,181,468,227,382,164,489,122,491,261,380,126,522,183,519,190,401,126,435,239,494,208,463,179,413,216,461,199,471,277,431,193,438
"43",221,499,242,404,215,423,99,497,217,334,159,524,201,499,133,506,209,427,257,366,302,388,114,476,214,426,215,456,170,403,157,432,112,585,188,454,240,373,174,476,129,475,272,367,139,511,192,505,200,388,137,422,246,480,216,451,189,401,226,449,209,458,289,424,203,427
"44",229,486,252,392,225,411,107,483,229,323,168,511,211,486,141,490,219,416,272,360,317,382,123,461,225,415,227,447,180,390,168,420,122,572,197,440,254,365,183,463,137,460,282,354,152,501,201,491,210,375,147,410,254,467,224,438,199,388,237,437,220,445,302,415,215,417
"45",237,473,263,379,235,398,116,470,242,312,176,496,220,473,149,474,230,405,288,353,332,376,133,447,237,403,238,438,190,376,180,408,133,560,205,427,269,357,192,450,145,445,295,343,165,491,211,478,221,363,158,397,262,454,232,426,208,375,248,425,230,433,314,407,227,407
"46",244,459,274,367,246,386,124,457,255,302,183,482,228,458,158,459,241,395,304,350,347,369,142,433,248,391,249,430,200,363,191,396,144,549,214,413,283,349,201,436,153,430,307,332,179,481,221,465,231,350,168,384,270,441,242,415,217,362,259,414,241,420,327,400,239,398
"47",253,446,284,355,257,374,132,443,269,292,191,468,239,446,171,446,253,385,321,348,362,362,152,419,260,379,261,421,211,351,203,385,155,536,224,400,298,342,210,423,161,414,320,321,187,467,231,452,243,338,180,372,278,428,252,403,227,349,271,403,252,407,340,392,251,388
"48",262,434,294,342,268,363,139,429,283,283,201,455,250,434,181,432,265,376,337,347,377,357,162,405,272,368,272,412,222,338,213,372,165,524,234,387,313,335,220,410,171,400,333,310,197,454,240,438,256,329,192,361,287,415,261,392,238,338,281,392,263,395,352,384,262,378
"49",272,422,305,330,279,350,148,416,298,275,212,442,260,422,190,417,277,366,354,346,392,352,172,391,285,358,284,404,233,326,224,360,172,509,244,375,328,328,231,398,181,386,346,300,208,441,250,425,269,319,203,348,296,403,272,381,250,327,293,381,275,384,365,376,275,368
"50",282,411,317,319,289,338,157,402,313,267,220,428,271,410,200,402,289,357,370,342,408,347,184,380,298,347,296,396,244,313,236,348,179,494,255,363,343,322,242,386,190,372,359,290,220,429,261,412,283,310,213,335,306,391,281,369,261,316,305,370,288,373,378,368,287,359
"51",292,399,329,308,301,327,165,389,328,260,231,416,282,398,211,388,301,348,383,331,423,341,197,368,311,337,308,388,255,301,248,337,183,479,266,351,359,317,253,375,200,358,373,280,231,417,271,399,296,301,225,324,315,379,291,359,273,305,316,359,300,362,392,364,299,350
"52",302,388,341,298,314,316,173,375,344,253,241,403,293,387,222,375,314,340,396,321,438,335,208,355,323,327,319,380,268,291,261,327,193,466,277,339,375,314,265,363,210,344,386,270,241,403,280,385,310,292,238,312,324,366,302,348,285,294,329,350,312,350,406,361,311,341
"53",314,378,354,287,327,307,184,363,359,247,252,390,306,377,235,362,327,332,409,310,453,329,220,343,337,317,331,372,280,279,274,316,202,452,289,329,391,310,276,352,221,331,400,261,251,390,292,374,323,282,250,301,336,356,314,339,297,285,342,341,323,339,421,357,324,333
"54",325,367,366,277,339,297,194,351,376,244,263,379,318,365,247,349,340,324,423,301,468,323,232,331,351,308,344,365,291,267,286,306,212,439,300,318,407,306,287,340,233,318,414,251,262,377,304,363,337,273,262,290,347,346,326,330,311,277,354,331,335,327,432,348,338,325
"55",335,356,380,268,352,286,204,338,392,242,275,368,331,356,259,336,352,315,437,292,480,313,246,321,365,299,356,357,304,257,299,295,221,426,312,307,423,302,298,328,245,305,429,243,273,364,316,351,350,264,275,279,359,335,338,322,324,268,367,321,347,316,444,339,351,318
"56",346,345,394,260,365,277,214,326,409,241,286,356,344,347,272,324,365,307,451,283,490,300,260,312,379,291,368,350,318,248,312,285,231,413,324,296,439,300,310,318,257,294,443,235,285,353,328,340,364,255,288,268,369,325,350,313,338,259,379,311,360,305,455,329,364,309
"57",358,336,408,253,379,268,225,314,426,240,299,345,357,337,285,312,379,300,466,275,500,288,274,302,394,284,380,342,332,239,325,276,242,401,336,285,455,298,323,308,270,282,458,228,298,342,340,328,378,246,301,258,380,313,362,304,351,250,393,303,373,296,467,320,377,301
"58",370,326,422,244,392,259,236,303,443,242,311,335,371,329,299,301,392,292,481,267,510,275,289,294,408,276,393,336,347,231,339,267,253,389,349,276,472,298,335,298,283,271,473,221,311,331,352,317,393,239,314,248,390,302,375,296,365,242,407,295,387,287,479,311,390,293
"59",383,317,435,235,405,249,247,291,459,245,324,325,385,320,313,290,406,287,497,261,522,264,304,285,423,269,406,330,361,222,353,258,264,378,363,267,488,298,348,288,296,260,489,216,323,320,364,306,408,232,328,238,401,291,387,287,378,234,421,288,401,278,492,303,404,286
"60",395,308,449,227,419,240,258,280,474,253,337,315,399,312,326,278,421,282,512,255,535,255,318,276,438,262,419,324,376,214,367,250,276,367,376,257,504,303,362,279,310,250,505,211,336,309,376,295,423,225,342,229,413,282,400,280,393,228,434,280,415,270,505,297,417,279
"61",408,300,465,222,433,232,271,270,488,263,351,306,411,302,340,267,435,277,528,251,549,247,333,267,453,256,432,318,391,208,382,243,288,356,389,248,518,310,375,270,324,240,521,205,348,298,389,284,437,218,357,223,426,273,414,273,409,225,448,271,430,261,519,293,431,273
"62",421,292,480,217,447,224,283,260,504,263,364,296,422,289,355,258,449,271,544,246,562,238,348,258,469,250,445,312,407,203,397,235,301,346,403,240,533,317,389,261,338,230,537,199,360,286,401,272,452,212,372,217,438,264,427,266,424,222,462,264,444,253,533,288,445,267
"63",435,285,495,212,463,219,296,250,516,254,377,287,430,275,370,249,463,266,561,241,576,229,362,250,485,245,459,307,422,197,411,227,315,337,418,233,548,325,402,252,353,222,552,194,373,275,415,264,468,206,388,210,451,256,441,261,440,220,477,257,458,244,547,284,460,264
"64",449,279,511,209,478,215,309,241,525,240,392,279,439,262,386,241,478,261,577,237,589,220,377,241,500,240,472,302,438,191,426,219,329,329,432,226,561,315,417,247,369,214,569,190,385,264,429,255,483,200,403,205,464,247,455,255,456,220,491,252,473,236,562,281,475,261
"65",463,272,527,206,494,210,323,234,534,226,406,272,448,248,402,234,493,257,593,233,603,211,392,234,516,236,486,298,454,186,441,212,343,322,447,221,574,305,431,238,384,207,585,188,398,252,442,245,497,192,419,199,476,238,469,250,472,221,506,246,487,229,576,278,490,258
"66",476,265,543,205,509,205,337,227,544,212,421,264,457,235,418,226,508,256,609,229,618,205,408,227,532,232,499,294,470,184,456,205,358,315,463,217,587,295,445,230,399,198,602,185,411,242,455,235,513,188,435,196,489,229,484,249,487,227,521,239,502,222,591,274,505,254
"67",490,258,560,205,525,200,352,221,559,204,436,259,466,222,435,219,523,255,625,223,633,201,425,225,548,229,514,292,487,182,471,199,372,308,479,216,600,287,459,222,414,191,618,182,424,232,469,227,529,185,452,194,502,220,498,250,501,234,536,238,518,216,605,271,520,251
"68",504,253,576,204,540,196,368,218,574,198,452,258,477,209,452,214,538,254,641,217,649,197,442,225,565,228,528,290,503,180,486,193,387,301,495,215,617,288,474,217,431,186,635,182,439,224,485,220,545,181,468,192,514,212,512,254,515,242,552,239,534,213,620,273,536,252
"69",519,247,592,203,556,196,383,215,590,193,469,261,488,198,469,211,553,257,656,211,665,193,458,231,581,228,542,289,519,183,502,190,402,294,511,217,633,289,489,212,447,181,652,183,454,216,500,214,561,177,485,192,527,204,526,261,529,250,568,241,550,209,635,276,551,252
"70",534,243,608,203,573,196,399,213,607,191,484,259,501,188,487,207,568,261,673,211,681,191,473,238,598,230,556,290,532,192,518,188,416,287,527,219,649,293,505,206,464,179,668,184,470,210,516,209,577,177,502,193,542,198,539,268,543,258,583,244,566,205,649,279,566,253
"71",549,240,624,202,588,200,415,214,624,190,499,252,517,185,504,212,582,265,689,213,697,191,484,251,614,234,570,295,546,201,535,186,431,281,542,224,665,296,520,201,481,179,684,189,486,205,531,205,593,181,517,200,556,193,547,280,557,263,599,247,582,200,664,282,581,256
"72",564,238,641,202,603,207,431,216,641,188,514,245,533,183,521,217,597,269,706,216,713,190,495,264,627,242,583,300,561,209,551,187,447,277,557,231,681,299,535,196,499,178,700,194,502,200,548,206,609,186,532,207,570,188,555,293,572,258,611,256,597,195,678,287,596,259
"73",579,236,657,202,616,217,446,221,657,188,529,240,548,184,537,224,611,275,720,224,729,194,504,278,640,253,595,308,577,214,568,189,463,272,571,239,697,303,551,193,515,181,716,200,518,200,564,208,623,193,546,215,586,185,566,302,587,252,621,268,614,192,692,292,611,263
"74",594,234,673,204,629,227,460,228,674,187,545,235,561,194,552,233,625,281,735,232,744,198,513,293,650,266,607,316,593,219,582,195,478,267,585,246,714,306,567,191,532,186,729,209,535,200,581,211,638,200,559,225,601,185,580,306,603,249,631,280,630,190,706,297,626,268
"75",610,235,689,206,637,241,475,234,691,188,561,232,574,204,567,242,639,288,750,240,760,202,523,305,661,279,619,323,609,219,596,204,493,261,601,246,730,310,583,191,548,193,743,219,552,201,597,215,649,212,572,236,616,185,594,302,618,247,640,293,646,189,718,305,640,273
"76",625,237,704,209,645,255,489,242,707,194,577,230,582,218,583,251,652,295,762,252,776,206,540,307,670,292,630,333,625,217,611,211,509,256,617,245,746,313,599,194,562,202,757,229,568,202,610,224,660,225,584,248,630,190,609,299,634,244,650,306,662,195,731,313,654,279
"77",638,244,716,220,654,268,502,251,723,199,593,229,591,232,593,265,662,306,773,264,791,210,554,298,679,306,641,342,642,214,623,221,524,252,631,236,761,318,614,197,577,211,770,238,585,204,622,235,669,238,593,261,645,196,624,296,650,242,660,318,676,202,743,321,665,290
"78",652,251,728,231,669,266,514,261,738,205,610,228,600,245,603,280,670,319,785,276,807,214,568,289,689,319,652,350,658,211,634,234,540,247,644,227,777,323,627,207,589,223,785,245,601,209,633,248,678,252,603,275,659,203,639,294,666,240,672,327,688,214,755,330,676,301
"79",662,262,740,242,684,261,527,271,754,211,626,227,605,261,610,296,679,332,800,283,822,220,583,280,699,332,664,359,674,210,643,247,555,243,659,222,792,328,640,217,600,236,801,252,617,213,642,261,686,266,614,287,670,213,653,294,682,238,688,328,699,226,765,341,687,311
"80",672,274,752,253,700,259,540,280,770,216,642,230,609,276,616,313,688,344,816,290,837,227,599,276,713,334,675,368,691,213,652,261,571,239,675,218,808,333,653,226,611,249,817,256,632,220,648,276,692,281,626,298,677,226,668,295,698,236,704,325,708,239,775,352,698,322
"81",682,286,764,264,717,259,554,287,787,219,658,232,616,291,627,321,700,352,831,297,852,233,616,273,730,332,686,377,707,217,660,275,587,236,690,214,824,338,666,237,619,264,833,256,647,229,655,292,698,297,643,297,683,240,683,296,713,238,719,322,713,255,785,363,711,328
"82",691,298,779,268,733,260,569,292,803,222,674,236,625,305,644,316,715,354,847,302,867,237,633,271,746,330,698,385,723,221,668,290,603,234,707,213,840,342,677,248,625,280,850,257,661,238,662,306,714,297,659,296,688,255,698,299,729,241,735,321,718,271,798,370,726,329
"83",701,310,795,270,749,261,585,296,816,233,689,241,633,318,659,308,729,357,863,306,883,240,649,267,763,329,710,392,739,224,675,304,619,232,723,212,855,347,688,260,631,296,867,258,675,247,670,321,730,297,676,296,693,269,713,302,745,245,750,325,725,286,811,377,741,330
"84",708,323,811,272,765,263,600,300,829,245,705,247,644,331,675,299,744,361,879,310,899,244,666,266,779,329,723,399,755,228,687,316,635,231,739,212,871,350,696,274,639,312,881,266,689,257,685,323,747,299,692,298,699,283,727,305,760,249,766,326,733,300,825,381,757,332
"85",716,337,827,275,781,267,616,302,841,256,719,254,654,344,692,295,759,366,895,315,915,248,683,268,795,332,736,405,772,232,699,327,651,229,754,217,888,354,704,288,650,324,897,272,705,260,702,322,763,301,709,300,708,296,741,312,774,256,782,325,741,315,839,386,772,334
"86",726,345,843,279,796,272,631,299,854,267,733,264,669,340,710,291,773,371,912,319,930,252,700,272,811,335,749,411,788,235,711,338,667,225,769,222,904,357,714,301,666,320,913,278,721,264,718,321,779,303,725,303,717,308,753,319,789,263,797,330,751,327,854,391,787,338
"87",741,346,859,283,811,278,647,296,867,278,746,273,684,335,727,287,787,377,927,326,945,259,716,276,828,338,762,417,803,243,727,334,682,219,785,227,919,361,725,313,682,314,926,287,738,267,735,320,795,306,742,306,730,313,765,329,803,270,812,334,766,333,868,395,802,341
"88",757,347,874,289,826,284,663,293,880,289,759,283,699,330,744,284,801,382,942,333,959,267,732,281,844,341,775,423,817,251,743,329,698,215,800,232,935,368,735,325,697,305,940,297,754,268,750,326,810,314,758,309,745,313,777,338,816,278,827,338,782,338,882,400,815,348
"89",772,348,887,297,841,291,678,290,893,299,772,293,715,325,762,283,816,388,956,342,974,274,749,286,858,350,788,428,832,259,759,325,714,213,815,237,950,374,750,330,712,296,953,307,771,270,764,334,824,321,772,318,760,309,788,348,830,287,842,346,798,342,895,408,828,357
"90",787,348,901,306,853,301,694,292,906,309,785,302,730,320,780,281,830,393,971,350,988,281,764,293,871,360,802,434,846,267,774,331,730,210,829,244,965,380,766,334,729,296,966,317,787,273,779,340,839,328,786,327,776,307,799,359,844,295,856,353,814,346,908,415,840,366
"91",802,351,915,314,865,312,710,295,919,320,801,308,745,316,797,283,843,401,986,358,1003,288,780,300,884,370,815,439,859,278,789,339,746,207,843,253,980,386,781,338,746,295,980,327,803,280,794,347,854,334,800,336,791,309,809,370,856,305,870,360,830,351,921,422,854,372
"92",817,354,927,325,877,324,725,300,933,330,816,313,760,323,815,287,855,410,1000,367,1017,296,796,306,898,378,828,445,872,289,803,347,762,210,857,262,994,394,796,344,763,297,994,337,818,286,808,356,867,345,813,346,806,309,819,381,867,316,884,368,845,357,934,429,868,378
"93",832,357,940,335,889,335,740,305,944,343,831,319,775,330,832,291,868,419,1015,374,1031,303,811,313,913,384,842,449,884,299,817,356,778,213,870,270,1009,402,811,351,780,300,1007,347,834,293,822,366,880,355,826,357,822,310,829,392,878,328,896,378,858,368,947,437,882,385
"94",847,362,952,346,900,347,754,311,955,355,846,326,788,338,849,296,880,428,1030,382,1046,311,825,323,928,392,855,454,897,310,831,365,794,215,884,280,1023,410,826,357,796,305,1020,357,848,302,836,375,893,365,839,367,835,317,839,403,889,340,909,387,870,379,959,445,896,391
"95",860,370,963,357,910,359,766,322,966,368,861,332,801,348,865,303,892,436,1044,391,1060,318,839,333,939,403,869,458,910,321,842,377,810,218,896,289,1037,419,840,364,813,311,1033,368,860,313,848,386,907,373,852,378,849,324,849,414,900,351,922,396,882,390,972,453,910,398
"96",874,377,975,369,921,371,778,333,978,380,876,339,814,358,882,309,905,445,1057,401,1074,326,852,344,951,415,882,463,923,331,853,389,826,221,909,299,1051,428,855,372,829,317,1046,378,873,324,858,399,922,380,865,388,863,331,859,425,911,363,936,404,895,400,984,461,923,405
"97",887,385,986,380,933,382,790,343,992,389,890,347,826,369,895,320,917,454,1068,414,1088,334,866,354,964,425,896,467,938,338,863,402,841,227,922,309,1064,437,869,379,844,325,1059,389,886,335,868,412,935,389,878,399,876,338,871,434,922,375,948,414,908,410,997,468,936,414
"98",900,393,997,392,944,394,802,354,1007,397,904,356,839,379,907,334,929,463,1080,426,1102,342,879,365,979,432,909,474,952,346,873,415,856,233,935,319,1077,447,881,390,858,335,1073,399,899,345,880,424,948,399,893,406,888,348,883,442,933,386,959,425,921,420,1009,476,949,422
"99",913,401,1009,403,955,406,815,364,1022,404,918,365,851,390,918,347,942,472,1091,439,1115,352,892,376,994,440,922,480,967,354,884,427,871,240,947,329,1090,458,892,401,872,345,1086,408,912,356,893,433,961,409,906,415,900,358,895,451,943,398,970,436,934,430,1022,484,962,430
"100",926,410,1021,414,967,417,826,375,1036,414,931,374,862,401,929,361,955,480,1103,450,1128,362,905,387,1007,449,934,487,980,364,894,440,885,247,960,339,1102,469,906,410,886,355,1100,418,925,366,906,443,975,419,919,425,911,369,907,461,954,410,982,447,947,441,1035,492,974,439
"101",938,418,1032,426,978,429,836,387,1049,424,945,383,872,414,941,375,967,489,1115,462,1140,373,918,398,1021,458,947,494,992,375,906,452,899,255,971,351,1115,479,919,419,899,365,1114,427,938,377,919,454,988,428,932,436,920,381,918,471,966,420,993,458,959,452,1044,503,987,448
"102",950,428,1041,439,990,440,847,399,1062,435,958,393,882,427,955,384,979,499,1127,474,1148,386,932,407,1035,467,959,501,1004,387,917,464,913,263,982,363,1128,489,931,430,914,375,1127,437,951,387,932,464,1003,434,945,447,930,393,930,480,979,430,1005,469,972,462,1053,515,1000,456
"103",962,438,1053,451,1001,452,858,410,1074,447,971,402,892,440,970,394,991,508,1139,485,1157,400,946,417,1049,476,971,508,1017,398,929,476,927,272,993,374,1141,498,943,441,928,384,1141,447,964,398,945,475,1019,439,958,458,938,406,941,489,991,440,1017,479,987,470,1061,528,1013,465
"104",974,448,1064,462,1012,463,872,418,1086,459,984,412,901,453,985,405,1002,518,1152,496,1165,414,960,427,1062,485,984,516,1029,408,940,487,940,281,1004,386,1155,508,955,452,942,394,1153,458,976,409,958,484,1035,444,970,468,946,419,953,499,1004,450,1030,489,1001,478,1068,541,1025,474
"105",985,459,1075,474,1023,475,885,427,1097,471,996,423,911,466,999,416,1015,527,1163,509,1172,428,974,436,1076,494,996,523,1042,419,952,499,953,291,1015,398,1166,520,967,463,957,403,1165,470,989,421,972,494,1049,451,985,476,953,433,963,510,1016,460,1042,499,1015,487,1075,554,1038,482
"106",995,469,1086,486,1035,487,897,437,1108,484,1007,435,919,480,1013,427,1027,536,1172,523,1178,443,988,447,1089,504,1008,531,1055,430,964,510,966,300,1027,409,1177,532,979,474,971,413,1176,482,1001,432,984,505,1064,458,1000,484,960,446,974,520,1029,470,1055,509,1029,496,1080,568,1048,494
"107",1006,480,1095,499,1046,499,910,447,1119,497,1019,447,927,494,1026,438,1039,545,1181,537,1184,458,1001,458,1102,514,1019,540,1067,441,979,518,979,310,1038,421,1185,547,991,484,985,422,1186,496,1014,443,995,517,1078,466,1014,493,970,458,984,532,1039,482,1067,519,1042,506,1085,582,1059,504
"108",1017,491,1105,513,1057,511,922,457,1128,511,1030,459,939,506,1039,451,1052,554,1190,551,1190,473,1014,469,1115,525,1031,548,1080,452,993,526,992,320,1048,433,1192,561,1003,495,999,432,1195,510,1027,454,1007,529,1092,476,1028,502,981,469,992,544,1049,495,1079,530,1055,516,1089,596,1071,512
"109",1028,502,1114,526,1067,524,935,466,1138,525,1042,470,950,517,1052,463,1064,563,1198,566,1197,488,1026,480,1128,535,1042,557,1092,463,1007,535,1004,331,1059,445,1200,576,1016,505,1014,442,1202,525,1039,465,1018,541,1105,485,1042,511,992,480,1001,556,1059,507,1091,540,1067,527,1095,610,1084,522
"110",1039,513,1122,540,1077,537,948,476,1147,539,1053,482,957,532,1065,475,1076,572,1205,581,1205,502,1038,493,1141,545,1052,567,1104,475,1020,545,1017,341,1069,458,1204,591,1028,515,1027,452,1208,541,1052,476,1029,553,1119,494,1054,521,1001,492,1010,568,1070,519,1103,550,1080,538,1099,624,1096,531
"111",1048,525,1129,554,1086,550,961,485,1158,552,1064,494,965,546,1077,488,1089,581,1212,596,1212,517,1050,505,1154,555,1063,576,1116,486,1033,555,1029,352,1080,470,1208,607,1040,526,1041,463,1213,557,1064,487,1040,566,1132,503,1066,533,1009,505,1019,580,1080,531,1114,562,1092,549,1100,639,1107,541
"112",1058,537,1136,569,1096,563,973,496,1168,566,1075,506,976,558,1088,501,1100,591,1216,613,1219,532,1062,517,1167,565,1075,585,1128,497,1046,564,1041,363,1090,482,1209,624,1051,538,1054,473,1217,573,1077,499,1049,579,1146,512,1078,544,1019,517,1029,591,1090,543,1124,574,1105,559,1101,654,1119,551
"113",1066,550,1142,584,1107,575,984,508,1175,581,1085,519,985,572,1100,515,1111,601,1219,629,1225,546,1073,530,1181,574,1086,593,1138,511,1059,575,1053,374,1100,495,1208,640,1061,550,1067,485,1221,589,1089,510,1059,593,1159,522,1089,557,1029,529,1039,602,1100,556,1134,586,1118,570,1102,669,1131,561
"114",1076,562,1148,599,1118,587,994,519,1181,597,1094,532,993,586,1110,529,1124,610,1221,646,1226,562,1084,543,1194,584,1098,602,1147,525,1071,586,1064,386,1110,507,1205,656,1072,562,1080,496,1222,606,1101,521,1069,606,1171,533,1100,570,1037,542,1047,615,1110,569,1145,598,1130,581,1101,683,1142,571
"115",1085,574,1152,615,1127,600,1005,531,1185,613,1103,546,1001,600,1121,544,1135,620,1223,662,1227,579,1095,556,1207,594,1110,610,1156,539,1083,597,1074,398,1120,520,1200,672,1083,574,1092,508,1223,622,1113,533,1078,620,1185,542,1111,582,1044,555,1055,628,1119,581,1153,611,1143,591,1098,698,1154,581
"116",1095,586,1156,630,1135,614,1016,543,1188,629,1112,560,1010,613,1131,558,1146,631,1222,679,1226,594,1105,570,1219,606,1121,618,1163,554,1096,608,1086,409,1130,533,1193,686,1093,587,1103,521,1218,638,1125,545,1088,633,1198,552,1122,595,1052,569,1062,641,1128,594,1161,625,1154,603,1093,712,1167,590
"117",1105,598,1159,646,1143,628,1026,555,1189,646,1120,574,1018,627,1140,573,1156,642,1222,696,1222,610,1114,584,1230,618,1132,627,1170,569,1108,619,1098,420,1140,546,1182,699,1103,600,1115,534,1213,654,1137,557,1098,646,1212,561,1132,608,1059,582,1070,653,1135,609,1165,640,1166,615,1089,726,1179,599
"118",1114,610,1161,662,1150,643,1035,568,1189,663,1128,589,1026,641,1150,588,1162,656,1214,711,1219,626,1123,599,1239,632,1141,638,1174,585,1120,631,1109,431,1146,560,1170,710,1113,612,1125,548,1207,670,1148,570,1108,659,1225,571,1142,621,1069,594,1079,665,1142,623,1167,656,1177,627,1082,740,1188,611
"119",1123,622,1160,679,1158,657,1044,581,1190,680,1135,603,1034,656,1159,603,1165,671,1206,725,1215,642,1132,613,1246,647,1145,652,1177,601,1130,643,1119,444,1151,576,1158,721,1123,625,1135,562,1200,685,1159,582,1119,672,1234,584,1151,635,1080,604,1088,677,1148,638,1168,672,1188,640,1076,753,1194,625
"120",1132,635,1157,694,1164,672,1052,595,1186,696,1142,618,1041,670,1169,618,1162,685,1195,738,1211,657,1142,628,1250,662,1148,666,1180,618,1140,657,1129,458,1157,591,1145,731,1134,637,1147,574,1194,701,1166,597,1129,685,1242,598,1159,650,1091,615,1096,690,1154,653,1168,688,1201,649,1069,766,1195,640
"121",1141,647,1152,710,1170,687,1060,609,1178,711,1149,633,1049,685,1178,634,1155,699,1182,749,1208,673,1148,643,1252,679,1149,680,1182,634,1149,670,1137,471,1163,606,1132,740,1145,649,1159,587,1188,716,1173,612,1139,698,1244,614,1165,665,1102,626,1102,704,1156,668,1167,704,1214,659,1059,777,1192,655
"122",1150,660,1145,725,1174,703,1068,623,1171,726,1156,647,1054,700,1185,650,1146,711,1169,759,1204,689,1154,659,1253,695,1144,694,1185,651,1159,683,1146,485,1167,621,1117,747,1156,660,1170,599,1182,732,1180,628,1148,712,1241,630,1172,680,1112,637,1106,718,1155,684,1166,720,1226,670,1050,788,1185,668
"123",1158,673,1139,739,1175,719,1072,638,1165,742,1161,663,1062,714,1193,665,1136,723,1156,770,1195,701,1158,676,1248,711,1138,706,1183,667,1169,696,1155,498,1171,637,1101,753,1167,672,1179,614,1174,746,1186,643,1156,726,1233,644,1178,696,1122,649,1108,733,1154,700,1165,735,1237,682,1039,799,1178,682
"124",1166,686,1129,752,1173,735,1076,654,1153,754,1166,679,1071,728,1202,681,1125,734,1143,780,1182,711,1160,693,1238,724,1131,719,1180,683,1172,712,1160,514,1174,653,1086,759,1175,686,1186,630,1166,761,1192,659,1163,741,1222,657,1177,712,1133,660,1108,748,1153,716,1162,751,1245,697,1026,806,1167,691
"125",1174,699,1119,765,1169,751,1081,669,1140,765,1169,695,1086,733,1207,698,1113,742,1127,786,1169,720,1159,710,1227,736,1120,729,1174,699,1170,729,1164,530,1177,669,1071,766,1178,702,1192,646,1151,768,1194,676,1168,757,1209,666,1174,729,1143,671,1106,762,1149,731,1156,765,1248,713,1013,813,1153,697
"126",1180,713,1113,780,1164,766,1085,684,1127,774,1168,711,1100,740,1210,715,1100,749,1112,792,1156,730,1158,727,1215,748,1109,737,1169,715,1167,745,1165,546,1177,685,1058,775,1177,718,1192,662,1135,775,1196,692,1173,773,1193,669,1167,744,1152,684,1101,777,1139,744,1149,780,1246,729,1000,820,1139,703
"127",1186,727,1107,795,1158,781,1090,700,1113,785,1167,727,1112,751,1209,733,1086,755,1096,797,1143,739,1157,744,1203,759,1097,746,1164,731,1159,759,1165,562,1178,701,1044,784,1174,733,1193,679,1119,780,1195,709,1176,789,1177,670,1157,757,1157,698,1095,790,1127,753,1141,794,1240,744,986,826,1124,707
"128",1187,742,1100,810,1146,791,1092,715,1099,793,1166,744,1122,764,1208,751,1071,760,1079,797,1128,747,1155,761,1191,771,1087,756,1156,745,1147,769,1165,578,1176,717,1030,793,1164,746,1195,696,1103,784,1192,725,1179,805,1161,672,1145,768,1159,713,1084,800,1114,763,1132,806,1230,757,972,830,1109,710
"129",1187,758,1092,823,1132,800,1093,731,1083,800,1161,759,1128,779,1205,769,1057,766,1062,797,1114,754,1152,778,1178,780,1075,763,1147,759,1132,777,1165,594,1172,733,1017,802,1153,757,1198,713,1087,790,1188,742,1177,822,1145,677,1132,778,1158,728,1073,810,1100,771,1120,817,1217,766,958,836,1095,716
"130",1180,771,1080,835,1117,806,1094,747,1067,805,1156,775,1133,794,1201,786,1043,772,1046,800,1100,762,1145,793,1164,788,1062,768,1135,771,1117,783,1162,610,1165,747,1003,811,1145,771,1200,730,1072,796,1180,757,1169,836,1131,685,1116,782,1152,742,1060,818,1085,776,1107,826,1203,775,945,842,1081,723
"131",1168,780,1066,842,1102,811,1093,763,1051,810,1150,790,1131,810,1198,803,1029,777,1032,809,1086,770,1138,808,1149,795,1049,773,1124,783,1101,784,1158,626,1156,760,989,821,1135,783,1199,747,1056,802,1175,772,1160,850,1119,696,1100,786,1141,753,1046,823,1070,781,1093,834,1188,783,931,848,1068,730
"132",1155,788,1051,849,1086,815,1090,779,1035,814,1143,804,1125,825,1198,821,1014,782,1018,818,1071,777,1130,823,1133,801,1035,779,1112,795,1084,785,1155,642,1146,773,975,829,1122,794,1193,763,1040,806,1169,788,1147,860,1106,706,1083,790,1130,764,1032,827,1054,783,1079,840,1173,791,917,851,1054,736
"133",1144,798,1036,854,1070,820,1083,793,1019,818,1133,817,1116,838,1195,837,1000,787,1004,828,1057,785,1121,838,1117,805,1022,784,1099,805,1068,784,1149,657,1135,784,960,835,1108,801,1185,778,1024,810,1161,803,1134,870,1093,715,1067,793,1118,773,1017,830,1038,782,1064,845,1159,798,902,853,1040,743
"134",1133,809,1020,859,1055,825,1074,806,1002,820,1121,828,1102,847,1182,850,985,792,989,834,1043,793,1110,851,1101,809,1009,790,1086,815,1051,781,1144,672,1122,794,944,840,1093,807,1175,792,1008,816,1150,815,1119,877,1079,724,1051,796,1106,783,1002,833,1023,781,1048,848,1144,806,888,857,1026,750
"135",1120,818,1004,861,1040,830,1063,817,985,822,1107,837,1087,853,1169,861,971,796,973,840,1029,801,1095,859,1086,814,996,796,1071,823,1035,782,1138,687,1109,803,929,846,1078,814,1165,806,995,825,1136,824,1104,883,1065,733,1034,799,1093,791,987,834,1007,781,1032,850,1129,813,874,861,1013,757
"136",1106,824,989,865,1024,834,1048,821,968,821,1093,845,1072,857,1153,868,957,802,957,844,1015,809,1078,862,1070,819,983,802,1057,831,1019,782,1132,702,1094,810,914,851,1063,818,1150,814,981,834,1121,831,1087,884,1050,740,1018,804,1078,794,974,840,991,783,1017,853,1114,819,859,865,999,764
"137",1091,827,973,870,1008,835,1032,826,954,830,1079,853,1056,858,1136,874,944,810,940,847,1001,817,1062,866,1054,824,970,808,1041,836,1002,783,1125,717,1079,816,899,859,1047,822,1135,821,968,845,1105,837,1071,885,1035,747,1002,808,1063,797,961,847,975,786,1001,853,1098,825,845,868,986,771
"138",1076,830,957,874,991,835,1016,827,940,839,1064,861,1039,860,1118,876,930,817,924,850,987,825,1045,867,1038,827,957,814,1025,841,986,784,1117,731,1063,818,885,867,1032,826,1119,828,954,855,1089,842,1054,886,1021,755,986,813,1048,801,947,853,960,790,985,856,1083,831,831,873,971,776
"139",1061,833,942,878,975,836,1001,826,926,849,1049,867,1024,863,1100,877,919,827,907,853,973,833,1028,866,1022,829,944,819,1009,844,969,787,1107,744,1047,817,871,875,1016,830,1103,833,940,864,1073,846,1038,887,1007,764,970,817,1033,805,934,860,945,795,970,860,1068,837,819,882,957,783
"140",1046,837,927,884,959,838,985,825,914,860,1033,871,1007,865,1083,876,907,837,891,857,958,840,1011,867,1005,831,930,825,992,845,953,791,1097,757,1031,816,856,884,1001,835,1086,834,926,873,1056,848,1021,888,994,774,954,821,1018,809,920,865,930,802,954,864,1052,842,806,889,946,793
"141",1031,840,912,891,943,840,969,824,902,872,1017,875,991,867,1065,874,895,846,875,861,943,845,994,871,989,833,917,830,976,846,938,796,1087,770,1015,816,842,892,985,840,1069,836,912,882,1039,849,1005,890,981,784,938,824,1003,812,906,870,916,809,940,871,1036,847,792,894,934,803
"142",1016,841,898,898,927,841,953,822,889,883,1001,878,975,869,1047,874,881,851,858,864,927,848,977,871,973,836,904,836,959,847,922,802,1074,779,999,816,828,900,970,845,1052,838,897,889,1022,849,988,892,968,794,921,827,988,814,891,874,902,818,926,879,1020,852,778,899,923,813
"143",1001,841,883,905,911,845,937,821,875,892,985,881,959,872,1030,873,867,856,842,866,911,849,960,870,957,840,891,842,942,848,910,812,1061,789,983,816,813,906,954,850,1036,844,882,896,1006,848,972,895,954,801,905,831,973,817,877,878,889,826,913,887,1004,855,764,904,912,824
"144",986,844,868,912,895,849,921,823,860,900,969,884,943,874,1012,874,853,862,827,871,896,854,943,870,942,847,878,849,926,849,897,822,1048,798,966,817,797,909,939,855,1020,850,867,904,989,848,956,898,938,807,889,835,958,820,862,882,876,835,899,896,988,858,750,908,900,834
"145",970,846,853,917,881,857,905,825,844,906,953,885,927,877,995,877,838,868,817,885,881,861,926,869,927,854,866,856,912,857,884,832,1033,805,950,819,781,912,924,860,1004,857,851,909,972,848,940,901,923,813,877,846,943,825,848,886,862,844,886,904,971,860,735,910,888,842
"146",955,848,837,921,868,866,889,826,828,910,937,886,911,880,977,880,824,874,807,898,866,867,909,873,912,861,853,863,898,866,871,842,1018,811,935,823,765,915,909,866,988,863,835,911,955,849,924,906,908,819,866,858,930,832,834,891,849,852,872,912,955,863,720,912,874,850
"147",940,851,822,924,854,875,874,831,811,911,920,886,895,884,960,883,810,879,793,908,851,874,893,877,897,868,840,867,883,874,856,850,1003,817,920,830,748,918,893,871,971,867,818,912,939,851,908,911,892,824,855,870,916,839,819,895,834,859,858,918,939,866,705,912,860,856
"148",927,858,806,927,839,880,861,839,794,912,904,885,880,888,943,888,796,885,779,917,836,878,877,883,882,875,826,872,868,881,842,859,988,823,906,836,732,921,878,876,954,872,801,914,922,854,893,917,876,828,840,877,902,846,805,899,820,866,842,922,923,870,691,913,845,860
"149",914,866,790,929,823,884,846,845,777,913,888,885,864,894,927,896,781,888,763,918,820,879,861,890,867,881,813,876,853,888,828,868,973,828,891,843,716,924,863,882,938,876,785,916,908,863,877,923,861,832,825,885,888,850,790,902,805,871,827,926,907,875,676,914,830,863
"150",902,876,773,930,807,888,831,852,761,914,871,884,849,899,911,903,766,891,746,919,804,879,845,896,851,886,799,879,837,893,814,875,957,833,876,849,700,926,848,887,921,880,768,919,893,871,862,929,845,836,810,892,873,854,776,905,789,874,811,929,891,880,661,915,816,867
"151",889,884,757,932,791,891,816,856,744,917,855,887,834,904,894,908,751,894,729,919,788,879,830,902,835,889,785,883,821,898,798,881,942,838,861,854,683,928,833,893,904,884,752,922,879,879,846,934,829,840,795,900,859,860,761,908,774,877,795,930,875,884,646,917,801,873
"152",875,890,741,932,776,894,801,861,727,919,840,891,818,909,876,910,737,899,712,921,771,880,814,908,819,890,771,885,805,901,782,885,926,842,846,860,667,929,817,898,887,886,735,923,864,888,830,939,813,843,779,905,845,866,746,910,758,880,780,932,859,888,631,916,787,877
"153",860,896,725,932,760,898,786,867,711,920,824,897,803,914,859,914,722,903,696,923,755,880,797,912,802,891,756,887,789,904,767,889,910,845,830,863,651,929,801,900,870,889,719,924,849,894,814,942,796,846,763,909,829,869,731,911,742,882,764,933,843,891,617,915,772,880
"154",846,900,709,932,744,901,771,873,694,921,809,902,787,919,842,920,707,904,679,926,739,879,780,914,786,893,742,889,773,908,750,888,894,847,814,866,634,929,785,902,853,891,702,926,833,899,798,943,780,848,747,913,814,870,716,913,726,885,748,936,827,895,602,914,757,882
"155",831,902,693,932,728,904,756,878,677,922,793,907,772,925,825,923,692,905,662,927,723,879,763,914,769,894,728,892,756,908,734,889,878,849,799,873,618,929,769,903,836,894,685,926,817,903,781,943,764,849,731,916,799,871,702,914,711,887,732,937,811,899,587,913,741,884
"156",816,904,676,933,712,905,741,882,660,923,777,910,757,929,807,924,677,905,646,928,707,879,746,913,753,896,714,895,739,909,717,889,862,850,785,879,601,928,753,904,819,897,668,926,800,906,765,943,747,849,714,919,784,873,687,914,695,890,716,939,795,903,572,912,726,886
"157",800,907,660,934,695,907,725,886,643,921,761,912,740,930,789,924,662,903,629,931,690,878,729,914,737,895,700,896,723,910,701,888,846,851,769,884,585,927,737,906,802,899,652,926,783,906,748,943,731,847,698,921,768,874,672,913,679,891,701,940,779,907,557,911,711,886
"158",785,906,644,936,679,908,710,890,627,919,745,913,724,930,772,923,647,901,613,934,674,878,712,915,720,894,686,895,706,910,684,888,830,857,754,889,569,926,721,907,785,902,635,926,766,906,731,942,715,845,681,924,753,874,657,912,663,891,685,940,763,909,542,911,696,884
"159",770,905,628,934,663,909,694,893,610,917,728,913,708,929,754,925,632,900,596,936,658,877,695,915,704,890,671,894,689,911,668,885,814,860,738,892,553,923,705,905,768,904,618,925,750,906,715,941,699,842,665,925,738,872,642,911,647,889,669,938,746,910,528,909,681,882
"160",755,905,612,935,647,909,678,894,593,914,712,913,692,928,737,931,616,898,579,936,642,875,678,916,688,885,657,892,673,912,652,882,798,864,722,896,538,917,689,903,751,904,603,918,733,905,699,939,683,839,648,924,722,870,627,910,631,887,653,936,730,909,513,908,665,880
"161",739,903,596,934,631,910,662,896,577,912,695,913,676,928,720,934,602,893,563,932,626,873,661,917,672,881,644,888,656,911,636,880,783,867,707,900,523,910,673,901,734,901,588,910,716,904,683,935,666,837,632,922,707,868,612,907,615,885,638,935,713,907,498,905,650,878
"162",724,901,580,933,614,908,646,897,560,910,679,914,659,928,702,933,588,888,547,928,610,870,644,917,656,877,630,884,640,911,619,877,767,870,691,902,507,906,657,898,717,899,573,903,699,905,666,931,650,835,615,919,692,866,597,904,600,883,622,931,697,904,484,902,635,875
"163",709,898,564,930,598,906,630,896,543,907,663,914,643,929,684,933,573,883,531,925,594,867,627,915,640,874,616,880,623,911,603,874,751,873,675,903,491,901,641,894,700,897,558,896,683,906,650,927,634,833,599,915,677,863,583,901,584,882,607,927,680,902,469,898,620,874
"164",694,895,548,926,582,904,615,896,527,902,646,915,627,930,667,934,559,878,514,924,578,864,610,914,625,868,602,877,607,909,587,870,735,875,658,904,476,895,626,890,683,894,543,889,666,906,634,923,619,827,583,911,662,861,568,897,568,879,591,923,664,900,455,893,605,873
"165",679,893,533,920,566,902,599,896,511,896,630,913,611,930,649,934,545,873,497,924,563,861,593,912,609,862,589,872,590,906,571,867,719,878,643,903,461,888,610,886,667,889,527,882,649,907,618,919,605,818,567,906,647,857,554,893,553,874,577,916,648,898,442,887,590,869
"166",664,890,518,914,550,899,583,895,497,887,615,908,595,926,631,931,531,865,481,920,547,858,576,910,594,856,575,867,574,902,555,862,703,880,627,899,446,882,594,882,650,886,512,876,633,906,602,915,593,808,552,900,632,854,540,889,538,869,563,908,632,894,428,881,577,861
"167",649,888,503,907,534,895,567,890,483,878,599,904,579,923,614,926,518,858,464,916,531,854,559,906,579,850,562,862,559,896,540,857,686,880,612,894,430,876,579,878,633,882,497,869,616,903,586,911,577,805,536,894,617,848,526,884,523,863,550,900,615,891,415,875,564,853
"168",634,882,490,899,519,892,552,886,468,872,583,899,564,917,597,921,505,850,448,911,515,851,543,903,563,845,549,856,543,890,524,851,670,879,597,888,415,870,563,874,616,878,481,863,599,904,570,907,560,802,521,887,603,843,512,878,508,856,537,891,600,884,401,869,550,847
"169",620,876,475,892,503,886,537,881,451,869,568,893,550,910,580,917,492,842,432,907,500,846,526,899,548,839,535,853,527,884,509,845,654,876,582,882,400,863,548,869,600,873,466,856,582,904,555,901,545,797,505,881,589,837,498,873,494,850,523,883,585,877,387,863,536,840
"170",606,871,462,882,488,881,522,875,435,863,553,886,535,904,563,912,478,836,416,902,484,841,510,895,532,833,521,851,512,879,494,838,639,872,567,876,385,857,533,862,584,868,450,850,566,902,540,894,530,791,490,874,575,831,484,866,479,843,511,873,570,870,374,857,522,833
"171",591,867,448,874,473,875,508,868,420,857,539,879,519,899,546,906,464,830,400,897,469,835,493,890,517,827,507,848,496,874,482,828,624,866,552,869,371,849,518,856,567,862,435,844,549,899,525,887,514,787,476,866,561,825,471,861,465,837,498,864,556,863,360,851,509,826
"172",576,862,433,869,458,869,494,860,404,850,523,873,504,894,531,898,450,825,384,892,454,830,477,886,501,821,493,842,480,870,470,816,608,862,538,862,356,841,503,850,551,857,419,839,533,896,509,881,498,783,463,855,546,820,456,856,450,830,484,855,541,856,346,846,495,820
"173",562,857,417,865,442,863,480,852,388,845,508,870,488,892,515,889,435,820,368,886,440,821,460,882,486,816,480,837,463,867,457,806,592,858,523,856,342,833,488,845,535,851,403,833,517,890,494,876,483,777,451,844,531,819,443,851,436,822,470,848,526,849,333,840,481,814
"174",547,852,402,860,427,858,466,845,372,839,491,868,472,890,500,880,421,816,353,880,427,812,444,877,470,812,467,831,447,864,443,797,577,853,508,850,328,825,473,839,520,843,387,828,502,883,478,872,467,771,437,834,515,818,429,843,422,815,456,841,511,841,319,834,466,808
"175",533,847,387,853,412,852,451,838,357,833,475,867,456,885,484,872,406,811,337,875,414,803,428,871,454,807,454,826,432,858,428,791,561,848,492,848,315,815,458,833,505,835,372,822,487,875,462,867,452,766,423,825,501,815,415,840,408,807,441,836,497,833,306,827,452,802
"176",518,842,372,847,396,848,437,832,342,825,459,866,441,879,468,865,394,802,321,870,401,793,412,865,440,799,441,819,417,851,413,785,546,843,476,846,302,805,443,827,488,829,356,818,473,867,446,862,436,762,409,817,486,811,400,836,393,802,426,831,482,825,293,820,438,796
"177",504,837,358,840,381,843,422,825,327,818,442,865,426,873,450,863,381,793,305,864,388,783,395,860,427,789,428,813,402,844,397,779,531,838,461,841,288,796,428,821,472,824,339,813,458,859,431,856,421,756,395,808,471,808,386,833,377,798,410,828,467,818,279,815,425,789
"178",489,832,344,831,365,838,408,819,311,811,426,864,411,868,433,861,371,782,293,852,378,771,379,854,416,777,416,805,386,838,381,777,516,831,446,835,274,787,413,815,456,818,323,809,443,850,415,851,406,750,381,800,455,806,371,830,362,794,396,821,452,813,265,809,411,781
"179",475,826,331,822,351,831,393,813,295,806,410,861,395,862,415,858,360,772,282,840,367,758,363,850,406,764,406,795,372,830,364,776,501,824,431,829,265,774,399,807,439,813,307,804,430,841,399,846,390,744,364,797,440,804,357,826,346,791,381,815,436,808,252,803,398,774
"180",461,820,317,813,336,824,378,807,279,801,394,858,380,857,399,851,345,768,270,828,357,746,346,849,397,750,395,786,359,819,348,776,486,819,420,817,256,760,385,799,423,808,291,800,416,831,383,842,379,732,348,793,425,801,342,823,333,790,369,808,421,804,238,797,386,764
